"Geneid","baseMean","log2FoldChange","lfcSE","stat","pvalue","padj"
"ENSMUSG00000031425",66987.9206442117,-1.69035346887472,0.0859838045761757,-19.6589750500885,4.84414953667531e-86,7.6983224436844e-82
"ENSMUSG00000032854",3525.50478262196,-2.15726994851647,0.110374401949444,-19.5450204976384,4.54808854276689e-85,3.61391115608257e-81
"ENSMUSG00000045193",2183.32981517547,1.61045263119726,0.11987644978452,13.4342703182491,3.80803375046275e-41,2.01724241207847e-37
"ENSMUSG00000022548",10149.9383541694,1.32542008093982,0.10276443712561,12.8976532934224,4.64013237637274e-38,1.84352459313289e-34
"ENSMUSG00000004110",8646.38763416641,-1.1469763005739,0.0964417760520847,-11.8929404613459,1.28791033160324e-32,4.09349419796775e-29
"ENSMUSG00000050211",458.159250542765,1.86876786368017,0.160040643178436,11.676833000456,1.67417578158257e-31,4.43433358681838e-28
"ENSMUSG00000052229",802.787816858857,-1.75848008994632,0.153555643558905,-11.4517451080966,2.30458628772639e-30,5.23206932636398e-27
"ENSMUSG00000055945",1597.08072425688,-1.25417794206509,0.112962527416907,-11.102601639182,1.2184457704e-28,2.42044252289961e-25
"ENSMUSG00000006522",3773.31147494324,1.0476066248398,0.0962722187191231,10.8817126973693,1.4089053746558e-27,2.48781380155889e-24
"ENSMUSG00000021186",731.593627424398,1.63130414731475,0.153132597381132,10.6528862907915,1.69041048916709e-26,2.68640034938434e-23
"ENSMUSG00000092274",4438.6213193044,1.2388277778299,0.117955787539369,10.5024755772702,8.41439781260601e-26,1.21565100034486e-22
"ENSMUSG00000050063",482.927826184833,-1.67079062895066,0.161313043217168,-10.357442867787,3.87174526185527e-25,5.12748130845033e-22
"ENSMUSG00000020538",2302.89563856489,1.00172797454534,0.0972683261248408,10.2986040210012,7.14911991239184e-25,8.73952412674855e-22
"ENSMUSG00000045136",2599.66346102158,-1.0133896853665,0.0986652522048602,-10.2709886481857,9.52237498770786e-25,1.08092559503324e-21
"ENSMUSG00000028364",478.910462443018,-1.61432955284406,0.157691755759975,-10.2372476294909,1.35022908814652e-24,1.43052271125496e-21
"ENSMUSG00000005397",1010.34099084147,-1.29223299843053,0.127716782496105,-10.1179576651951,4.5991200079807e-24,4.56807594792683e-21
"ENSMUSG00000029657",5366.50412257719,-1.03626494960373,0.104217552789815,-9.94328615347226,2.69777644136479e-23,2.38183684478718e-20
"ENSMUSG00000038173",589.304128158885,-1.52194635298005,0.156216655544183,-9.74253576021277,1.98537197072068e-22,1.57757656793465e-19
"ENSMUSG00000115529",151.407719210884,-2.64754170617448,0.273961916281841,-9.66390417363997,4.2918845074329e-22,3.24793469486303e-19
"ENSMUSG00000026830",3600.90440073089,-1.08127920684833,0.112628218816151,-9.60042889973571,7.96124438112826e-22,5.50087372629958e-19
"ENSMUSG00000033880",963.585546018954,1.68298061394193,0.176218600987728,9.55052760893913,1.29037437968662e-21,8.54442901749157e-19
"ENSMUSG00000036634",5566.41607746789,-1.00401585716281,0.106119888576588,-9.46114692193819,3.04583773629948e-21,1.93617813221085e-18
"ENSMUSG00000110125",113.844587953449,3.05084201644198,0.328791374247516,9.27896001963025,1.71140789073976e-20,1.04606516152447e-17
"ENSMUSG00000085873",367.043830359766,1.58203665962807,0.172380103522554,9.17760592608693,4.40781773033128e-20,2.59440886557129e-17
"ENSMUSG00000050503",187.064150083444,-2.76448198658008,0.306617475972155,-9.01606138989655,1.94973173749584e-19,1.06845299214772e-16
"ENSMUSG00000116305",1219.3691789392,1.07895111564469,0.120519291466092,8.95251791243936,3.47464485763699e-19,1.72559550242397e-16
"ENSMUSG00000043872",757.338292247763,-1.36940557118137,0.153478749443918,-8.9224441568815,4.56108888630683e-19,2.13190660532906e-16
"ENSMUSG00000043448",426.58364253326,-1.53995198209562,0.17649276098446,-8.72529827005889,2.65479959735164e-18,1.08179680002852e-15
"ENSMUSG00000076439",821.82309892349,-1.24188754886594,0.142588866479579,-8.70956884311719,3.05032803072293e-18,1.21189532660622e-15
"ENSMUSG00000047557",1351.24064657981,-1.02309565688902,0.120004850269053,-8.52545255125294,1.5221352656379e-17,5.75946991464701e-15
"ENSMUSG00000006014",640.233259138678,1.34282713256864,0.160243653164621,8.3799083835734,5.2968917309573e-17,1.95763263693892e-14
"ENSMUSG00000027669",911.557690523849,-1.01468651073187,0.123952420185125,-8.18609680405124,2.69834714302628e-16,9.3222027819508e-14
"ENSMUSG00000120773",647.240432017188,-1.26986208800082,0.158336059503445,-8.02004351998666,1.05707706476066e-15,3.35981374263528e-13
"ENSMUSG00000097023",1404.18701485288,1.01225582211871,0.127812712595598,7.91983677962856,2.37822563403079e-15,6.99902995852172e-13
"ENSMUSG00000025533",645.32409764442,1.11588198546432,0.142392193608477,7.83667950598867,4.62616831231326e-15,1.26757011757383e-12
"ENSMUSG00000074340",535.640788615449,1.20899686274125,0.154557617030924,7.82230527337489,5.18646462978366e-15,1.39700501519529e-12
"ENSMUSG00000015852",188.128821391445,-1.80386261808867,0.239448502109168,-7.5334053134576,4.94338628102834e-14,1.17254171310601e-11
"ENSMUSG00000018566",372.006033540611,1.26725719263255,0.171342245278766,7.39605805077892,1.40286696717637e-13,3.23106693367637e-11
"ENSMUSG00000045838",541.850212025108,1.30748882834597,0.177197859708375,7.37869424889094,1.59849445380949e-13,3.57792589576626e-11
"ENSMUSG00000025727",674.771674569163,1.33385713245169,0.18186318123462,7.33439898827514,2.22718671682352e-13,4.84855497311771e-11
"ENSMUSG00000027274",667.634053063135,-1.16734664778349,0.159990804546669,-7.29633588062233,2.95710158511401e-13,6.18345505139892e-11
"ENSMUSG00000097440",502.718825137231,-1.23510987382874,0.170997589276574,-7.22296658715498,5.0865515546282e-13,9.73921413327125e-11
"ENSMUSG00000047945",946.358798349667,-1.25172847826623,0.174825167664123,-7.15988718896054,8.07434786240544e-13,1.50961807328644e-10
"ENSMUSG00000036151",118.485579699316,-2.45688994161562,0.347454181398695,-7.07111922419607,1.53689019916896e-12,2.68398451046078e-10
"ENSMUSG00000035929",176.934719186629,1.56583652180395,0.229993975814181,6.80816319758319,9.88526925120392e-12,1.57096698940133e-09
"ENSMUSG00000110016",159.767088288365,1.68239479160939,0.247444630978435,6.79907575669325,1.05292442714582e-11,1.6567400986338e-09
"ENSMUSG00000132973",295.723639103866,-1.39548471016607,0.205704879740326,-6.78391641427114,1.16961014737869e-11,1.80460625846039e-09
"ENSMUSG00000027849",557.724636018431,1.1691678695798,0.173213203127227,6.74987730999372,1.47970226936328e-11,2.26109889083859e-09
"ENSMUSG00000060794",148.706010193844,1.83716782551604,0.272300144899911,6.74684850495149,1.51090884705098e-11,2.28679651403182e-09
"ENSMUSG00000030048",67.7558497049592,-2.75109612269814,0.417224116477699,-6.59380897231809,4.28683233048453e-11,6.13750805369912e-09
"ENSMUSG00000034164",349.786632275199,-1.15572890805037,0.175893166442105,-6.5706299535564,5.01028342493438e-11,6.98451089377695e-09
"ENSMUSG00000024136",261.624165431635,-1.43965324762087,0.224115162662411,-6.42372086974521,1.32982956973857e-10,1.67727393034011e-08
"ENSMUSG00000116180",208.81553466655,1.46076441519859,0.228134619275869,6.4030808644267,1.52272489238965e-10,1.87590263487258e-08
"ENSMUSG00000054072",134.281664920379,1.8091654005672,0.282911404946536,6.39481254178881,1.60744437318829e-10,1.96503892143911e-08
"ENSMUSG00000043924",172.972310138666,1.51966665650316,0.238657930570115,6.36755146947319,1.92069607298863e-10,2.32482334772382e-08
"ENSMUSG00000107451",208.026040882574,1.34414265609881,0.213429544187242,6.29782845302613,3.01844288586814e-10,3.50139374760704e-08
"ENSMUSG00000005107",113.914022355015,1.7867811194028,0.285329356596712,6.26217063927374,3.79655153925208e-10,4.37208674360826e-08
"ENSMUSG00000044177",246.606409369713,1.63302787427221,0.264487896742434,6.17430095813608,6.64568441908816e-10,7.18457257062238e-08
"ENSMUSG00000059456",372.538434567589,1.41522124399449,0.230570336985551,6.13791549466822,8.36113160540579e-10,8.6846472858241e-08
"ENSMUSG00000029700",135.68803706679,-1.61141799363765,0.264150527995047,-6.10037771216519,1.05818112739025e-09,1.07798810746704e-07
"ENSMUSG00000050121",454.014543622104,-1.27060993500849,0.209967116073464,-6.05147110066473,1.43529035980993e-09,1.42560214988121e-07
"ENSMUSG00000049721",282.968107428768,-1.20698115931555,0.200528457963824,-6.01900184927013,1.75495865262976e-09,1.71103085322651e-07
"ENSMUSG00000074252",130.358682388544,1.58730550402492,0.265508779157165,5.97835412095861,2.25403331622322e-09,2.10913288413917e-07
"ENSMUSG00000104674",105.918178964425,1.97451743746134,0.331483907725384,5.95660118468592,2.57537685050894e-09,2.35217752346484e-07
"ENSMUSG00000002910",751.149756805358,1.0044296260342,0.17154637129833,5.855149359513,4.76581513783997e-09,4.18443835196424e-07
"ENSMUSG00000005057",226.30655396516,1.18976002531275,0.204077788696449,5.82993393309665,5.54493247331696e-09,4.8153042003253e-07
"ENSMUSG00000104494",225.235816481208,-1.21116727258366,0.210489191782508,-5.75405921000982,8.7125618157726e-09,7.17409494177503e-07
"ENSMUSG00000022899",1274.37784435353,1.69866199939404,0.296139720580232,5.73601540538305,9.69298488035949e-09,7.77984422821581e-07
"ENSMUSG00000113689",139.355200613417,-1.55194567857583,0.2712573890717,-5.72130286989386,1.05710261158217e-08,8.39973735163196e-07
"ENSMUSG00000034684",425.191869768981,1.01813435464281,0.178335021721071,5.70911055392838,1.13568106531709e-08,8.97922561692498e-07
"ENSMUSG00000046215",79.2736740631361,2.05455707369206,0.361156928307291,5.68882087717818,1.2791956082912e-08,9.96518461125672e-07
"ENSMUSG00000051985",96.7476387810537,1.77474452906763,0.313671603237769,5.65797002581183,1.53173877886172e-08,1.17030734008031e-06
"ENSMUSG00000129437",421.579183692146,1.05687845848804,0.186892809132032,5.65499798197908,1.55848103740583e-08,1.18504213619394e-06
"ENSMUSG00000089817",133.297614681696,-1.70968039987546,0.304811226298675,-5.60898107538923,2.03521274766637e-08,1.4904885246965e-06
"ENSMUSG00000049107",153.343699365277,-1.58257993563985,0.284172749822762,-5.56907703721381,2.56092247478333e-08,1.81688303434182e-06
"ENSMUSG00000048368",214.388879830853,1.14877043967023,0.208550873491659,5.50834633505467,3.62220233299303e-08,2.42886242514453e-06
"ENSMUSG00000127251",405.272677733669,1.11998912022639,0.204684237561209,5.47178978494362,4.45513109588783e-08,2.913619068965e-06
"ENSMUSG00000075020",362.008983514881,-1.04679243689208,0.191728007393214,-5.45977841800241,4.76729191027078e-08,3.0768240374646e-06
"ENSMUSG00000046879",314.090042897009,1.19942004157993,0.220105662074636,5.44929208215107,5.05707039573394e-08,3.22758886461863e-06
"ENSMUSG00000134258",97.5112703255854,1.97313462575735,0.362831300377644,5.43815989332692,5.38336534719594e-08,3.39131005561296e-06
"ENSMUSG00000022639",199.451363835631,-1.18538175400757,0.218972258592011,-5.41338780368599,6.18433502817119e-08,3.809358615027e-06
"ENSMUSG00000066245",214.25415251772,1.189899390509,0.220832242532918,5.38825027025491,7.11469340610393e-08,4.31809740842944e-06
"ENSMUSG00000121724",281.360428747545,-1.03196022112288,0.192154023956404,-5.37048457209,7.85253515102484e-08,4.71458811452518e-06
"ENSMUSG00000106858",80.471130173589,1.80391949206125,0.336588787608394,5.35941647040253,8.34911852803946e-08,4.95090267341803e-06
"ENSMUSG00000121184",212.184941023345,-1.32468383009057,0.247388424243344,-5.35467184506395,8.5711827852691e-08,5.04493469716654e-06
"ENSMUSG00000000791",117.693110700554,1.51421911280743,0.288448320938108,5.2495334619484,1.52484900225101e-07,8.47304207824231e-06
"ENSMUSG00000022769",260.850201992616,-1.12757296837253,0.215691199030916,-5.22771894930637,1.71614113535201e-07,9.43699478304987e-06
"ENSMUSG00000111110",97.5725281108459,1.65792692265152,0.319064887576421,5.1962061236037,2.03396728005357e-07,1.09202054103416e-05
"ENSMUSG00000018727",100.079023275976,-1.59413331357226,0.306986030672925,-5.19285294538602,2.07095761077266e-07,1.10813664479458e-05
"ENSMUSG00000086552",78.6605922625151,-1.7906286496278,0.345014479060721,-5.19001015407432,2.10282613096257e-07,1.12141318366635e-05
"ENSMUSG00000040564",97.2638077420225,1.70354992876015,0.328316874335615,5.18873704620718,2.11725120462689e-07,1.12532963692076e-05
"ENSMUSG00000102555",291.788897933051,-1.01960761180717,0.198115730046095,-5.14652527373741,2.65355727220313e-07,1.37362645504405e-05
"ENSMUSG00000041193",135.494928911431,1.32722413890753,0.263174123281157,5.04314072508419,4.57952195732378e-07,2.20538675593302e-05
"ENSMUSG00000104093",137.121162801446,1.29962597298376,0.258071301810564,5.03591822827999,4.75563557863092e-07,2.2764024281808e-05
"ENSMUSG00000021070",64.1457744682978,1.89055970617417,0.3760002150609,5.02808144901715,4.95411457593639e-07,2.34317823930896e-05
"ENSMUSG00000035711",174.246157244502,-1.33091072360257,0.265359756076307,-5.01549573033168,5.28968993460409e-07,2.45800445733123e-05
"ENSMUSG00000020131",173.238646459095,1.15278716627457,0.22997201729663,5.01272798241205,5.36637347696906e-07,2.48636755964992e-05
"ENSMUSG00000021902",199.066152607352,1.10347786039176,0.220743678884032,4.99891034692538,5.76552002382492e-07,2.65581577445292e-05
"ENSMUSG00000044734",435.408624257675,-1.00336011946506,0.201252385258084,-4.98558125499163,6.17758099340978e-07,2.81619159775725e-05
"ENSMUSG00000046718",218.146467242388,1.35450782141565,0.27169693812436,4.98536284864453,6.18456372777046e-07,2.81619159775725e-05
"ENSMUSG00000092536",116.251654687745,1.41601992612576,0.283987832725712,4.98619927669017,6.15786318721454e-07,2.81619159775725e-05
"ENSMUSG00000076441",370.662255977849,1.02006252452755,0.204826865841827,4.98012074898061,6.35446130709892e-07,2.8852885454976e-05
"ENSMUSG00000027955",214.87313039753,-1.03778536796236,0.210724310294936,-4.92484880605301,8.44256062831926e-07,3.65583579033378e-05
"ENSMUSG00000114277",133.839217709215,1.32295718901164,0.268838858920574,4.92100433071135,8.61012251403179e-07,3.71826269002699e-05
"ENSMUSG00000016496",68.2552320151463,1.85174645736518,0.37888457601213,4.88736299813349,1.02195563292229e-06,4.365838418925e-05
"ENSMUSG00000110140",42.6201382538573,2.61728406805741,0.536795967605485,4.87575210322922,1.08394663536238e-06,4.58140423648375e-05
"ENSMUSG00000084984",294.89850196975,-1.03705040642902,0.21354007748705,-4.85646731345741,1.19498496468506e-06,4.99755291020395e-05
"ENSMUSG00000089769",92.3103612910337,-1.76847633166995,0.364192992357269,-4.85587688061579,1.19855157778553e-06,4.99931277537207e-05
"ENSMUSG00000079363",268.935584413397,2.4906025893603,0.518650172880238,4.80208572095744,1.57021442776371e-06,6.28560395113877e-05
"ENSMUSG00000078853",182.001601995946,1.23704402461014,0.258471872933694,4.78599087231235,1.70145789522424e-06,6.75989221772592e-05
"ENSMUSG00000032446",1040.97264487917,-1.71192884110636,0.358970926909381,-4.7689902239312,1.85151644123878e-06,7.33773049480467e-05
"ENSMUSG00000108832",88.2841091836573,-1.65302107226988,0.348040117542179,-4.74951302724334,2.03907062074347e-06,8.03642684072513e-05
"ENSMUSG00000021898",206.117734125061,1.08918106524655,0.232234705505229,4.69000127641138,2.73203344656704e-06,0.000102399706445385
"ENSMUSG00000000792",226.395541097537,1.09649045053366,0.234771151754165,4.67046501386946,3.00518665106178e-06,0.000111066107578311
"ENSMUSG00000036492",210.495901064873,1.11474284782118,0.238954695462963,4.6650803227006,3.08496510258918e-06,0.000112963745185132
"ENSMUSG00000135861",93.7852047895791,1.70106733607122,0.367180597565941,4.63278110920806,3.6078594697085e-06,0.000129719689349791
"ENSMUSG00000036446",206.749827721609,-1.01508545587525,0.21923140278549,-4.6302009793208,3.65310980015926e-06,0.000130899008683054
"ENSMUSG00000023393",40.1318723695039,2.29886014632349,0.497334762310817,4.62235966704209,3.79399464630541e-06,0.000134886270512496
"ENSMUSG00000022622",38.0248529094591,2.27871886874879,0.494876324456393,4.60462292523672,4.13213883559152e-06,0.000145283076051373
"ENSMUSG00000032556",77.9353150941098,-1.65290883703445,0.359038204921361,-4.60371295972938,4.15024387095912e-06,0.000145307335132575
"ENSMUSG00000120475",64.2196003493751,1.68632936620739,0.370775740762822,4.54811138058274,5.4129487237668e-06,0.000180340840918453
"ENSMUSG00000106056",171.768727298619,1.17092345549369,0.257726061715576,4.54328696019074,5.5383775407585e-06,0.000184133673384381
"ENSMUSG00000027824",73.0836462341689,1.56703353357647,0.347029954318026,4.51555698313123,6.31505620959459e-06,0.000206925511923458
"ENSMUSG00000018339",59.8603741620845,1.79144952108424,0.398450576186644,4.49603947929814,6.92308874611305e-06,0.000222266113844906
"ENSMUSG00000047246",143.714947262541,-1.23319717728966,0.274637564615227,-4.49027131090895,7.113251004171e-06,0.000226540651219009
"ENSMUSG00000028794",128.697855700719,-1.26592429585935,0.28351860974205,-4.46504833319797,8.00506782846548e-06,0.000250920193155766
"ENSMUSG00000029727",80.2930087800554,1.49481599177856,0.335112686162571,4.4606368350179,8.17164637259023e-06,0.000254634910104321
"ENSMUSG00000057457",185.070080507319,-1.03529930563919,0.234268826948816,-4.41927899295534,9.90307359735568e-06,0.000298633103622726
"ENSMUSG00000099964",172.677111976344,-1.03879996061953,0.236567334175027,-4.39113863392047,1.12758614412608e-05,0.000334945775746761
"ENSMUSG00000072919",62.8599932758855,-1.73189029422292,0.39802316045426,-4.35122994412268,1.35375987302013e-05,0.000392590363175839
"ENSMUSG00000078922",51.4280595149434,2.18495210442372,0.502917840281147,4.34455079820247,1.39560947036087e-05,0.000402523152504082
"ENSMUSG00000019933",133.561792959031,1.14389142173238,0.263378416305306,4.34314792297328,1.4045549273963e-05,0.000404369328010545
"ENSMUSG00000022388",110.687144205558,1.22089768793382,0.281259698612809,4.34081986845383,1.4195205989799e-05,0.000407938903417514
"ENSMUSG00000120226",52.2069970168187,1.89003823474942,0.436027988652235,4.33467181909936,1.45977734215126e-05,0.000417244271968846
"ENSMUSG00000109460",50.1689585449763,-1.89366877453753,0.438961663527977,-4.31397302287843,1.60346521544652e-05,0.000448631500068241
"ENSMUSG00000032436",110.302597772091,1.35140433168988,0.316034075876941,4.27613486912751,1.90166044533758e-05,0.000515719928281651
"ENSMUSG00000112295",47.564280223284,1.82329941885974,0.427178760847433,4.26823518857232,1.97025538949222e-05,0.000528394269858241
"ENSMUSG00000019874",473.52086358276,-2.03790541536632,0.478826345694039,-4.25604278814788,2.08076902338379e-05,0.000548384433161115
"ENSMUSG00000048373",81.5393717091445,1.37086949210769,0.322317548008958,4.25316431133186,2.10770803830294e-05,0.000553647870160502
"ENSMUSG00000052384",276.375368296455,1.00956831009247,0.237583676058311,4.24931681688722,2.14423474264301e-05,0.000560463462665835
"ENSMUSG00000085246",149.185234741377,-1.20580475072626,0.286068774193962,-4.21508692839259,2.49681997982006e-05,0.000636909520374002
"ENSMUSG00000131201",65.9704689989616,1.58462497979608,0.376540768335799,4.20837559449316,2.57213074896064e-05,0.000650896526472651
"ENSMUSG00000104713",85.9566399519942,1.33360180371863,0.316943339920256,4.20769783032567,2.5798552100505e-05,0.000651388420653424
"ENSMUSG00000037321",116.568436333489,1.21624996653017,0.291633586522024,4.1704728904341,3.03968215399876e-05,0.000743769435212812
"ENSMUSG00000108081",35.8411846422925,2.08479812891281,0.501222178478857,4.15942912829575,3.19043994014706e-05,0.0007729035294027
"ENSMUSG00000025213",188.42449239901,1.00215440138904,0.241471740621831,4.15019330547054,3.32194607395336e-05,0.00079506576818173
"ENSMUSG00000002831",467.044459703203,1.73318755659273,0.427569357482053,4.05358224639725,5.04392552461367e-05,0.0011289868230586
"ENSMUSG00000029716",61.62883948729,1.67067745503466,0.413120057373552,4.04404827414127,5.25360946489368e-05,0.00115637619966884
"ENSMUSG00000140427",77.9281621899817,1.52150705824784,0.37714762499486,4.03424801698958,5.47774370381805e-05,0.00119741819726378
"ENSMUSG00000074934",139.818049107697,1.16274999232104,0.289713397661552,4.01344915943234,5.98378953483254e-05,0.00128505923361566
"ENSMUSG00000106928",91.3689006251581,-1.45672872160808,0.36397510834293,-4.00227567275173,6.27361404586844e-05,0.00132756690302185
"ENSMUSG00000114089",35.7391924462498,-2.18163565988216,0.548039286098677,-3.980801587077,6.86832623552904e-05,0.00141772866714804
"ENSMUSG00000040562",121.631172967939,1.1092885010625,0.281057751511963,3.94683475227077,7.91911731650497e-05,0.00157203425485928
"ENSMUSG00000131495",93.3667598618357,-1.24840694457978,0.31705738773304,-3.93747943710092,8.23419855544599e-05,0.00162354694098198
"ENSMUSG00000097286",60.8186100134336,1.75016633923411,0.444635249990536,3.93618441019096,8.27873660200683e-05,0.00162627542743007
"ENSMUSG00000025991",45.6965010469387,-1.75672334156581,0.453440982058714,-3.87420504778798,0.000106973316516142,0.00199532857520485
"ENSMUSG00000057246",116.036663226428,1.10816207234527,0.286806482442131,3.86379716005499,0.000111637935514475,0.00205817873688636
"ENSMUSG00000035429",69.9946487368556,1.47989783495061,0.384569216953414,3.84819629265824,0.000118990695148758,0.0021660940748042
"ENSMUSG00000090877",228.924225686942,-1.12803321515418,0.294770144253749,-3.82682316083926,0.000129807699064221,0.00234067159073496
"ENSMUSG00000121015",69.5777843164177,-1.55515759781764,0.406871725801467,-3.82223069139113,0.00013224987808652,0.0023721388967844
"ENSMUSG00000108957",127.901434300936,-1.07195025672846,0.280542431644022,-3.8209915357426,0.000132916214416572,0.00237872126070739
"ENSMUSG00000030406",53.767342527182,1.55987052413986,0.409392624116089,3.81020671172996,0.000138850646067211,0.0024524929560001
"ENSMUSG00000098708",75.8372737708623,1.41941472742555,0.372536476902194,3.81013622942004,0.0001388902378807,0.0024524929560001
"ENSMUSG00000045725",86.324906941396,1.22946089591318,0.324351960070969,3.79051477180583,0.000150335391110208,0.00260537626556535
"ENSMUSG00000049649",164.081467255438,-1.09370386932108,0.290379338091826,-3.76646588048639,0.000165574699495776,0.00281136343258218
"ENSMUSG00000061816",49.3708483860315,1.58240363853166,0.420075394918057,3.76695149888589,0.000165253089374412,0.00281136343258218
"ENSMUSG00000024430",67.115630106128,1.34680868527318,0.358066859990435,3.76133296811987,0.000169010267100074,0.00286039527662873
"ENSMUSG00000056771",80.4432542662955,-1.24459330086496,0.332404527582845,-3.74421284185059,0.000180960206485243,0.00303356498044671
"ENSMUSG00000143017",75.1644332750343,1.42541756075314,0.383617207835218,3.71572893926443,0.000202618708364968,0.00331618590456856
"ENSMUSG00000039903",135.457260290116,1.03461402456061,0.279089192774193,3.70710887898014,0.000209638828952395,0.00340652379316101
"ENSMUSG00000048782",133.029668695661,-1.0307932304111,0.278145351201507,-3.70595167583559,0.000210598453948316,0.00341603552754758
"ENSMUSG00000130767",59.0877122890092,1.42766340531701,0.386985175243655,3.6891940483718,0.000224965587167405,0.00361857602354696
"ENSMUSG00000045259",90.7632990757315,1.14829822330407,0.313463390821765,3.66326102800626,0.000249024540076636,0.00391802255622229
"ENSMUSG00000109771",46.3413222748282,1.59007163048346,0.434677678985323,3.65804757721905,0.000254143877308893,0.00399096294287838
"ENSMUSG00000032611",69.4490773923472,-1.32483139664801,0.362248775152239,-3.65724189430656,0.000254943765543277,0.00399957188747657
"ENSMUSG00000025498",158.643435983137,1.10544942755394,0.303013579980236,3.64818443987246,0.000264100022693887,0.00411881998101203
"ENSMUSG00000085244",173.591816317616,1.00569461554639,0.277968449284692,3.61801714595446,0.00029686873363359,0.00452333453011027
"ENSMUSG00000109127",45.3107736950523,-1.75374740618685,0.485802842520951,-3.60999823938086,0.000306199083514813,0.00463881395158952
"ENSMUSG00000007080",108.884875968242,1.16721064716948,0.324278961951546,3.5994029342671,0.000318948657470644,0.00479292538707708
"ENSMUSG00000141869",61.0332157901772,-1.5514113338192,0.43171187329948,-3.59362674452777,0.000326106905580342,0.00488914239951207
"ENSMUSG00000079507",89.9502158482829,1.12489274487821,0.314912258862014,3.57208305876434,0.000354153044339833,0.00521485130483959
"ENSMUSG00000034768",60.1633562205931,1.38005406477712,0.38743374388517,3.56203889454231,0.000367985850010507,0.00537112877150268
"ENSMUSG00000085743",96.3627255444387,1.16698408777746,0.328828738557958,3.54891148777062,0.000386827083917859,0.00557339620818007
"ENSMUSG00000087373",43.3845827493805,1.60209559952424,0.452419679342245,3.54117133422106,0.000398354809154742,0.00570668548858943
"ENSMUSG00000029149",81.3317806707168,-1.23139398760332,0.348476936142881,-3.53364558708823,0.000409870285267588,0.00584709028139363
"ENSMUSG00000033847",66.3710799011019,-1.31664725948548,0.373162754937,-3.52834585463324,0.000418165412781528,0.00593877099188923
"ENSMUSG00000113252",142.101923107137,-1.0569450586034,0.300647385067651,-3.5155637836849,0.000438821337028228,0.00615825771400832
"ENSMUSG00000138012",136.023882650642,1.11674239889857,0.318348564337959,3.50792346502633,0.000451618956301607,0.00631789476544466
"ENSMUSG00000143537",106.561237939218,1.02907702858514,0.293405310773197,3.50735651605374,0.000452582352001152,0.00632024493673314
"ENSMUSG00000087216",69.8287339648147,1.2799354320718,0.365258699539557,3.50418876726352,0.000458000580486282,0.00639029431526602
"ENSMUSG00000140435",337.618162127021,1.70241040991378,0.486107094405248,3.50213035256497,0.000461553744890768,0.00643422115245972
"ENSMUSG00000020080",76.0941363492506,1.15968409573762,0.331575850219265,3.49749263998191,0.000469653671648213,0.0065185468557497
"ENSMUSG00000116946",90.0982058173937,1.11489984687627,0.320122583967909,3.48272787585656,0.000496332604320741,0.00679975667919415
"ENSMUSG00000100807",59.4075126164197,-1.36971005147396,0.394028751232793,-3.4761677851897,0.000508633962322402,0.00692055730242091
"ENSMUSG00000130407",45.1423393757121,-1.63229416742657,0.4719536643438,-3.45858988020804,0.000543011059380014,0.00735659051259145
"ENSMUSG00000029135",601.53807268755,-1.56808361844612,0.454815756068404,-3.44773371969611,0.000565311068131443,0.00759418723139889
"ENSMUSG00000107008",91.2946307031957,-1.06953036770319,0.310977273359537,-3.43925572486018,0.000583315941351292,0.00778996381508801
"ENSMUSG00000097493",36.7686124518992,1.74841913095948,0.509232369887869,3.43344067335012,0.000595972611063664,0.00792573288418434
"ENSMUSG00000120068",49.2539371568287,1.4224274660252,0.414286496384605,3.43343912591513,0.00059597601287442,0.00792573288418434
"ENSMUSG00000091971",159.055465505175,-1.13121437772289,0.330233850189557,-3.42549492450143,0.000613680399944595,0.00805375744181016
"ENSMUSG00000105852",105.129909970008,1.0376327383411,0.304370368994126,3.40911220027835,0.000651746681587075,0.00842763080861009
"ENSMUSG00000107859",80.6189567115142,1.20285861787403,0.352901603545446,3.40848158747211,0.000653254935671525,0.00843367759789792
"ENSMUSG00000079017",93.4406590204568,1.3697100640402,0.402310335714257,3.4046106760057,0.000662584443608515,0.00851236214860673
"ENSMUSG00000047878",91.3876552896737,1.16419706793908,0.344122834987232,3.38308577511944,0.000716762422066052,0.00904030826307436
"ENSMUSG00000124428",37.2517310202996,1.65327699071417,0.491602287795667,3.36303762565349,0.000770898559940248,0.00958616581734775
"ENSMUSG00000121107",92.6936409189473,1.0944341279249,0.32751649619573,3.34161527934412,0.000832924206720334,0.0101509443966254
"ENSMUSG00000110027",64.4856814100562,-1.30051779355486,0.390556982931196,-3.32990536693073,0.000868755048256997,0.0104751557108499
"ENSMUSG00000120777",97.3811397445166,1.18580145247734,0.357185336801801,3.31984919396433,0.000900660870201191,0.0108106514722336
"ENSMUSG00000085428",92.6912538060095,1.11900685290548,0.337684257599148,3.31376671468592,0.000920482707609043,0.0109739768862137
"ENSMUSG00000039110",97.5850952919092,-1.0266092886658,0.310160792114427,-3.3099260601806,0.000933206193929382,0.0110841896764603
"ENSMUSG00000108456",96.0962405288902,1.04389718069597,0.315346547879933,3.3103174514326,0.000931902158808998,0.0110841896764603
"ENSMUSG00000086006",85.6256589398432,-1.08143868650226,0.327751748849355,-3.29956648682697,0.000968342866188118,0.0114245767108104
"ENSMUSG00000025473",57.4692008299722,-1.28474062958944,0.389744982079559,-3.2963622077556,0.000979456480373338,0.0115300165822912
"ENSMUSG00000061048",78.9094136928984,1.13624824900378,0.345029584724802,3.29319078510342,0.000990572332947199,0.0116264220939416
"ENSMUSG00000091994",79.4658642295251,1.10610709776344,0.336072875097158,3.29127156556049,0.000997355818042738,0.011688774823256
"ENSMUSG00000053964",113.909444088403,1.00496005152285,0.306318000476887,3.28077373826643,0.0010352275431126,0.0120566201851598
"ENSMUSG00000085331",45.7480370362223,-1.43373453274982,0.438500426914417,-3.26963087091736,0.00107687910104478,0.0123833304441416
"ENSMUSG00000121788",102.65309554555,1.05467249697466,0.323692103165388,3.25825834693219,0.00112098303620031,0.012799744401061
"ENSMUSG00000074269",70.6730466876076,-1.17201861303525,0.360175451127896,-3.25402136476833,0.00113783722114362,0.0129345558786941
"ENSMUSG00000074151",57.1160908692409,1.31464507116607,0.404517969032015,3.24990524972705,0.00115443464970358,0.0130023213700137
"ENSMUSG00000033508",73.2209494343322,1.12446730014719,0.346980872776579,3.24071840372375,0.00119228899205654,0.0132519545330943
"ENSMUSG00000022025",74.9000900437921,-1.17297154194497,0.362188192173993,-3.23856925015788,0.0012013085359381,0.0132854525073961
"ENSMUSG00000033715",86.4742602284687,-1.23306217947709,0.381307340741293,-3.23377508830519,0.00122165621268502,0.0134636342108116
"ENSMUSG00000086330",79.2624294442441,-1.13155985925,0.350551320648851,-3.22794350668981,0.00124683595142461,0.0136653220276137
"ENSMUSG00000097613",107.118148354489,1.1135827404724,0.345397019714121,3.22406586308734,0.00126384328021806,0.0138041219307392
"ENSMUSG00000025140",57.9764206605915,-1.23734591694834,0.386025237179363,-3.20534980041582,0.0013489843102962,0.0145540113097266
"ENSMUSG00000028341",1402.12894259256,-2.63962994174191,0.823858782166891,-3.20398349678233,0.00135540245763004,0.0146133350452216
"ENSMUSG00000124018",66.3262932271456,1.13967634112441,0.355929562745376,3.20197157081809,0.00136490467711604,0.0146858937906081
"ENSMUSG00000091423",48.6829469535047,1.32494093042583,0.415198546017528,3.19110204776558,0.00141731210523017,0.0151510547010825
"ENSMUSG00000078921",45.5319218883239,1.68429719738045,0.528021938456441,3.18982427568092,0.00142359326701007,0.0151837209391436
"ENSMUSG00000037846",94.8217228874649,-1.03198005837883,0.323877471970085,-3.18632862020778,0.00144090827738758,0.0153169995613668
"ENSMUSG00000130450",44.9863260939161,1.35429073847399,0.427114960973922,3.17078740436974,0.00152026360602389,0.01597245966812
"ENSMUSG00000121483",52.9625005134107,1.3101025081249,0.413520496675486,3.16816824959711,0.0015340271495609,0.0160678653486365
"ENSMUSG00000040140",72.6695772494443,1.11426714868057,0.352599930672734,3.16014568282707,0.00157690270486126,0.0163258226616646
"ENSMUSG00000135461",43.2384805323121,1.4115282470687,0.449004697690627,3.14368258133741,0.00166836301204211,0.0170683386550297
"ENSMUSG00000061099",93.8994365815323,-1.04647825691387,0.333593410919312,-3.13698719057429,0.00170693584519665,0.0173554858937077
"ENSMUSG00000108368",63.4295126665268,1.14454881525534,0.365362772245214,3.13263666197269,0.00173243755080071,0.017558608136049
"ENSMUSG00000085584",71.3232236380079,1.10386076412699,0.353445503823756,3.12314275379049,0.00178930938712014,0.0180658861373019
"ENSMUSG00000073940",174.448987326785,-3.78926694544068,1.21465846102834,-3.11961515686695,0.0018108746118069,0.0182372746076269
"ENSMUSG00000113102",77.2563524669876,-1.04991354945972,0.336596094961215,-3.11920894263702,0.0018133731944284,0.0182478825161743
"ENSMUSG00000134630",39.601604748555,1.60895317601852,0.518616794464918,3.10239312183972,0.00191962850451139,0.0189836566233324
"ENSMUSG00000084899",92.1647280733628,-1.03313527620184,0.33344914945116,-3.09832931918501,0.00194615036065858,0.0191506015675456
"ENSMUSG00000033644",73.0626032668849,1.12973889336645,0.365047162406887,3.09477516800207,0.00196962138880646,0.019309048091957
"ENSMUSG00000032988",81.4161683982899,1.08349409139189,0.350616770642317,3.09025175666003,0.0019998690208177,0.019450728219764
"ENSMUSG00000092470",94.712231392648,-1.00543011025586,0.325821557148311,-3.0858305357561,0.00202984474016371,0.0196337751738781
"ENSMUSG00000040856",307.842970183044,1.81886814492444,0.593913315577396,3.06251450711483,0.00219485836315149,0.0209493628271493
"ENSMUSG00000070337",44.0377359991447,1.38921718855899,0.454193902492572,3.05864341404652,0.00222341628234555,0.0211748478537272
"ENSMUSG00000120913",64.6063007383955,1.09763160241656,0.359174445432906,3.05598467923742,0.00224322717992212,0.021295917767815
"ENSMUSG00000028378",61.6152094503044,-1.1646784407253,0.381393222522278,-3.05374708292639,0.00226002526847234,0.0214297861375671
"ENSMUSG00000030450",83.4113420137152,1.13377036222419,0.372274916658168,3.04551908144068,0.00232279038966635,0.0219072907255654
"ENSMUSG00000118449",52.040311690936,1.21635546189573,0.399994173404332,3.04093295045621,0.00235846344388063,0.0221910604204565
"ENSMUSG00000032062",39.4547725694851,1.48352146416437,0.488175158377726,3.03891224021788,0.00237434009724642,0.0223244736665316
"ENSMUSG00000026686",88.8270769073443,1.04643100736077,0.344530197279008,3.0372693471433,0.00238732030574397,0.0223962776262592
"ENSMUSG00000051297",76.7458012673665,-1.019444326283,0.336354169172534,-3.03086573533767,0.00243853657290912,0.0226976443914816
"ENSMUSG00000105771",35.5582602961856,-1.82333876118958,0.602824330408142,-3.02466020234301,0.00248912607295775,0.0229983671810724
"ENSMUSG00000142997",78.0410252082033,-1.00501467937839,0.332911094674322,-3.01886808657301,0.00253720979317469,0.0232957972041824
"ENSMUSG00000099696",197.071126965359,1.76012582401049,0.589915871454528,2.9836895550388,0.00284795567793146,0.0252847551026183
"ENSMUSG00000078920",64.5165625651486,1.17564278561198,0.394111282960133,2.98302240113969,0.00285417103453047,0.0253116551789945
"ENSMUSG00000026822",88.8855005276927,1.2705100689532,0.426408812103702,2.97955866035014,0.00288663953533369,0.0255413267266105
"ENSMUSG00000082985",54.4768174906647,1.17380222104237,0.397164904995836,2.95545302789198,0.00312210234259101,0.0269654621893784
"ENSMUSG00000087575",39.5225102915013,1.34200558026397,0.456490188791118,2.93983444379798,0.00328387658031532,0.0280274813528988
"ENSMUSG00000127844",72.2074379213015,-1.06132325723054,0.362375038239658,-2.92879791716954,0.00340275570286942,0.0287947782907352
"ENSMUSG00000106651",46.3659952062739,-1.22924531395365,0.421159595299681,-2.91871615338353,0.00351476103957345,0.0294913318061781
"ENSMUSG00000039714",44.9130452499008,1.28446466795069,0.443600274233466,2.89554525224364,0.00378500453187234,0.0309420226442979
"ENSMUSG00000087616",54.2109378683583,1.15549878189034,0.399098568080825,2.89527168049454,0.00378830504351945,0.0309530816203656
"ENSMUSG00000120401",41.2691913808996,-1.35189617261648,0.469555740970961,-2.87909624919288,0.00398816597447106,0.0321513322539497
"ENSMUSG00000039457",81.9000845038495,1.01851397949551,0.355971324246977,2.86122479570533,0.00422007709407482,0.0334658009875434
"ENSMUSG00000115756",37.482362886976,-1.46972126745772,0.513979078060367,-2.85949629117997,0.00424314379823959,0.033598426129359
"ENSMUSG00000038670",53.4945100259237,1.14515871459903,0.400969768400938,2.85597270628633,0.00429052015530619,0.0338723031833711
"ENSMUSG00000030699",63.8196621978761,-1.10402187445993,0.387786767699279,-2.84698181170554,0.00441358839760867,0.0346203093853885
"ENSMUSG00000026567",59.9274034974096,1.08750293246288,0.382085119126364,2.84623210385543,0.00442399360951154,0.03466770534633
"ENSMUSG00000098488",79.5776279291281,-1.03839366667116,0.364827504997089,-2.84625926622349,0.00442361623459568,0.03466770534633
"ENSMUSG00000050141",63.9095071042729,1.07726143568701,0.37950015907651,2.83863236924184,0.00453073230832358,0.0351574208222062
"ENSMUSG00000121810",47.2228604102314,-1.21315743004103,0.428817786457132,-2.82907441891362,0.00466828423051345,0.0360838390035602
"ENSMUSG00000085287",38.3972712713416,1.41330117024011,0.502244956647574,2.81396786873426,0.00489341192408717,0.0373875491815352
"ENSMUSG00000052305",842.603491194384,-3.39812935640434,1.22107648622674,-2.78289639898393,0.00538760066759757,0.0401285813835357
"ENSMUSG00000097435",43.4952251504187,1.35749632713093,0.489404949386927,2.77376910231794,0.00554109910232823,0.0408816838134634
"ENSMUSG00000102224",343.905414915639,1.33909280178206,0.483277368635107,2.77085766619691,0.0055908860079034,0.0410963739304351
"ENSMUSG00000104391",60.5229130831665,-1.08994388243521,0.394156989346251,-2.76525321609289,0.0056878624541003,0.0415402160480524
"ENSMUSG00000102432",35.9467829011972,1.53900332358133,0.557740030515134,2.75935604292181,0.0057915397564513,0.0420768359260859
"ENSMUSG00000133391",41.0844088682728,-1.2645309513377,0.458285030344871,-2.75926741570875,0.00579311081086559,0.0420768359260859
"ENSMUSG00000102704",53.4618651922407,1.16329816640357,0.42216230581786,2.75557090335172,0.00585898042496642,0.0424388864692645
"ENSMUSG00000000901",49.7309569418871,1.20463589216239,0.43770635297927,2.75215537531722,0.00592044236577649,0.0427317808556381
"ENSMUSG00000075270",82.7215562336167,1.0255628343769,0.37416853792378,2.74091146216524,0.00612690148313935,0.0437022972935595
"ENSMUSG00000022504",65.156526124213,-1.04484404834261,0.381755291364393,-2.73694712811534,0.0062012258779076,0.0440939067792875
"ENSMUSG00000036718",67.9467037037419,1.00769697132605,0.368675900148209,2.7332867999263,0.00627057045540778,0.0444279561646636
"ENSMUSG00000106927",51.8681872964676,1.20511308455266,0.442170441460794,2.72544921947142,0.00642140533692229,0.0450547344875802
"ENSMUSG00000040809",55.5575063271904,2.66648091673978,0.990717416892867,2.69146466113669,0.00711390346791774,0.0485002805285923
"ENSMUSG00000131089",57.2176746029046,-1.17476433593972,0.436836084521851,-2.68925662866332,0.00716113429658814,0.0486264679739666
"ENSMUSG00000133623",49.2624322352663,1.18169552837319,0.439403835982288,2.68931545791245,0.00715987227092113,0.0486264679739666
"ENSMUSG00000015467",55.5548780832758,-1.15522885975312,0.43036372916864,-2.68430813624733,0.00726800860474928,0.0491293886629841
