"Geneid","baseMean","log2FoldChange","lfcSE","stat","pvalue","padj","Significance"
"ENSMUSG00000032854",3617.43743376585,-1.9901040331221,0.110175641741029,-18.0630128554177,6.23261247697416e-73,1.31788590825619e-68,"Downregulated"
"ENSMUSG00000045193",2365.60480113121,1.62061151689869,0.095277358436283,17.0094085677499,6.99402443373632e-65,7.39443233256772e-61,"Upregulated"
"ENSMUSG00000050211",482.594913881794,1.94531117481579,0.123545283952981,15.7457339735942,7.34736436716764e-56,5.17866731812533e-52,"Upregulated"
"ENSMUSG00000052229",849.619754325479,-1.8917143836878,0.122852275192463,-15.3982853042339,1.68067135485812e-53,8.88444894961872e-50,"Downregulated"
"ENSMUSG00000031425",67204.9257049043,-1.50541837102368,0.102261534215248,-14.7212574363979,4.7082351130775e-49,1.99111262932047e-45,"Downregulated"
"ENSMUSG00000028364",502.931190255719,-1.75377660152881,0.123491302953952,-14.2016203536436,8.9518331122008e-46,3.1547751859581e-42,"Downregulated"
"ENSMUSG00000021186",759.455298257598,1.62607232799649,0.115134371131829,14.1232571300071,2.73072442115423e-45,8.24873826932944e-42,"Upregulated"
"ENSMUSG00000022548",11070.2226138668,1.31388861919232,0.0931790458234534,14.1006876340175,3.76087136655591e-45,9.94045313072809e-42,"Upregulated"
"ENSMUSG00000005397",1057.81605449208,-1.30136873920526,0.0951207016604928,-13.681235698304,1.31439855155937e-42,3.08810637474698e-39,"Downregulated"
"ENSMUSG00000004110",8661.84605776047,-1.17053677934703,0.0866913587722419,-13.5023466689719,1.51473328209621e-41,2.91173047726585e-38,"Downregulated"
"ENSMUSG00000110125",123.600864372544,3.16082045440251,0.234005400904383,13.507467956665,1.41298104443524e-41,2.91173047726585e-38,"Upregulated"
"ENSMUSG00000006522",3823.27038275753,1.11962235956176,0.0854168264852973,13.1077494403808,2.97290038827845e-39,5.23849822584566e-36,"Upregulated"
"ENSMUSG00000050503",192.491653184773,-2.84314014494216,0.225005726771791,-12.6358568101059,1.3392728644444e-36,2.1783788245136e-33,"Downregulated"
"ENSMUSG00000085873",388.050570981912,1.54235001072991,0.123159563483578,12.5231851031656,5.57520984200965e-36,8.42055800780672e-33,"Upregulated"
"ENSMUSG00000115529",156.707227707545,-2.41803434682207,0.201803836450021,-11.9821029637408,4.40993076759984e-33,5.48517565181757e-30,"Downregulated"
"ENSMUSG00000022899",1421.18081949304,1.61147464348993,0.136251798103741,11.827180748565,2.82470423009777e-32,3.31824283030097e-29,"Upregulated"
"ENSMUSG00000043872",765.500046415054,-1.35123091741495,0.11483075168448,-11.7671520702723,5.7637583315672e-32,6.41445631163097e-29,"Downregulated"
"ENSMUSG00000029657",5289.92550738016,-1.00718076531305,0.0872127718296505,-11.5485466656231,7.50792778853876e-31,7.55976824231677e-28,"Downregulated"
"ENSMUSG00000038173",621.379899913465,-1.4084608513368,0.123252966191101,-11.4273992331593,3.05110688161213e-30,2.93252977325857e-27,"Downregulated"
"ENSMUSG00000043448",438.076097479452,-1.49131002344689,0.131880142591803,-11.3080710570871,1.19691943063913e-29,1.05453589003602e-26,"Downregulated"
"ENSMUSG00000018566",396.669503407485,1.39353427677785,0.128150479269886,10.8742026149045,1.52987590150852e-27,1.24420099759222e-24,"Upregulated"
"ENSMUSG00000027669",951.154310158106,-1.03024936712807,0.0954927813938875,-10.7887669841609,3.88973113740174e-27,2.93744160358428e-24,"Downregulated"
"ENSMUSG00000033880",959.429190177157,1.55605360276754,0.147088923401532,10.5789991984627,3.72920175397073e-26,2.6284657029237e-23,"Upregulated"
"ENSMUSG00000097023",1470.59880026983,1.02695487631231,0.0985163037105474,10.4242124159431,1.92245408770352e-25,1.31129973175777e-22,"Upregulated"
"ENSMUSG00000025533",677.673901518876,1.10352614200163,0.105952631212135,10.4152783123638,2.11179000742409e-25,1.35314544566613e-22,"Upregulated"
"ENSMUSG00000097440",520.58377251601,-1.34879959564814,0.12975863973815,-10.3946804495638,2.62164215785465e-25,1.58384638365247e-22,"Downregulated"
"ENSMUSG00000015852",198.958239640381,-1.83790000985653,0.179687259512155,-10.2283267875885,1.48055235649261e-24,8.69618877167676e-22,"Downregulated"
"ENSMUSG00000036151",118.97893315474,-2.57267682466972,0.25196583098919,-10.2104194627092,1.78093250029446e-24,9.90995203124377e-22,"Downregulated"
"ENSMUSG00000027274",671.166278143483,-1.20709744506654,0.119610454266071,-10.0919058661995,5.99932266431085e-24,3.25270968556033e-21,"Downregulated"
"ENSMUSG00000006014",664.329998150596,1.26056209446638,0.125913293384949,10.0113503552999,1.35884954038498e-23,7.1832183828601e-21,"Upregulated"
"ENSMUSG00000045838",556.965383966672,1.32195079305441,0.13450683154281,9.82813123981484,8.51847667349609e-23,4.09370884684261e-20,"Upregulated"
"ENSMUSG00000025727",725.127093834855,1.3743692911305,0.140355418053001,9.79206439049978,1.21783604542209e-22,5.72247626232222e-20,"Upregulated"
"ENSMUSG00000050063",531.247491202796,-1.61014836033852,0.165844584412648,-9.70877864984851,2.766318903574e-22,1.27160463513201e-19,"Downregulated"
"ENSMUSG00000030711",781.015383642231,1.13104955320744,0.117147228059483,9.6549408120279,4.68429699789828e-22,1.99386161848454e-19,"Upregulated"
"ENSMUSG00000043924",184.501593119696,1.5917170166715,0.164871696701994,9.65427692266993,4.71473544214835e-22,1.99386161848454e-19,"Upregulated"
"ENSMUSG00000110016",173.238719372887,1.61819517763134,0.168048589445143,9.62932913018932,6.01206978881609e-22,2.49265128793169e-19,"Upregulated"
"ENSMUSG00000070436",1035.17176564988,-1.0740813177834,0.112909099717166,-9.51279675840076,1.85604131666852e-21,7.4049044605577e-19,"Downregulated"
"ENSMUSG00000060794",154.572757892708,1.79351294020659,0.189207226522552,9.47909323110776,2.56502266273037e-21,9.68525075061317e-19,"Upregulated"
"ENSMUSG00000055945",1712.97237291896,-1.15360374783016,0.122156756781884,-9.44363437783443,3.60068741571617e-21,1.33572869132137e-18,"Downregulated"
"ENSMUSG00000029700",140.828284563329,-1.70479097142489,0.185829031142854,-9.17397545981041,4.55888872145563e-20,1.46057124265423e-17,"Downregulated"
"ENSMUSG00000024136",279.043102355499,-1.6919991811501,0.184486481664743,-9.17139925853687,4.66918307602109e-20,1.47358024093233e-17,"Downregulated"
"ENSMUSG00000132973",289.879528123082,-1.36668272500464,0.151193612602078,-9.03928877340588,1.57694462463013e-19,4.76349915540057e-17,"Downregulated"
"ENSMUSG00000107451",214.572874299305,1.32849324725854,0.148191508692537,8.96470559601936,3.11110842765032e-19,9.01155995926931e-17,"Upregulated"
"ENSMUSG00000116180",217.455407720984,1.40731708465511,0.158914457411368,8.85581530830834,8.30743350128539e-19,2.34214241846239e-16,"Upregulated"
"ENSMUSG00000034164",362.430203333785,-1.10399240935244,0.125364486878854,-8.80626114171616,1.29389400352534e-18,3.59991956638727e-16,"Downregulated"
"ENSMUSG00000047945",1009.47606827732,-1.20653342490618,0.137361262136003,-8.78365127215832,1.58251812629682e-18,4.34575919227873e-16,"Downregulated"
"ENSMUSG00000005057",245.17829785067,1.23341630752665,0.140525077301453,8.77719714667537,1.67599062683287e-18,4.48592681068114e-16,"Upregulated"
"ENSMUSG00000074252",137.345797237135,1.53650003902182,0.180563962177147,8.50945017209137,1.74760074361095e-17,4.45217081007873e-15,"Upregulated"
"ENSMUSG00000027849",580.879453834191,1.09271433359077,0.12880955059581,8.48317790518181,2.191252275057e-17,5.51595587572385e-15,"Upregulated"
"ENSMUSG00000030048",64.5787865173567,-2.77145152950275,0.326844647006094,-8.4794153885931,2.26328270735378e-17,5.63024857023478e-15,"Downregulated"
"ENSMUSG00000054072",143.349364843313,1.6610665767951,0.196618527671881,8.44816913473742,2.95906491678422e-17,7.27551484481424e-15,"Upregulated"
"ENSMUSG00000035929",188.666010417081,1.38217388371762,0.163895983324858,8.43323829955014,3.36229065836267e-17,8.17191218058376e-15,"Upregulated"
"ENSMUSG00000104674",109.348607922994,1.91895412619444,0.228144819598917,8.4111229418577,4.06103785718721e-17,9.64838713373298e-15,"Upregulated"
"ENSMUSG00000120773",635.137510245843,-1.11033863235239,0.134959686343829,-8.22718741005105,1.91660469270291e-16,4.2659585502319e-14,"Downregulated"
"ENSMUSG00000089817",134.622830023219,-1.76110308115007,0.215343289148418,-8.17811917016037,2.88308564296471e-16,6.15786322429179e-14,"Downregulated"
"ENSMUSG00000005107",120.620762062279,1.5998780383781,0.197476355835101,8.10161819936585,5.4232917538343e-16,1.10264907821948e-13,"Upregulated"
"ENSMUSG00000074340",557.87175719714,1.02481305933239,0.12648381297371,8.10232578571463,5.39183226055482e-16,1.10264907821948e-13,"Upregulated"
"ENSMUSG00000049107",166.723694305045,-1.63019210480403,0.203049199596303,-8.02855715779791,9.86256612174095e-16,1.93096259855752e-13,"Downregulated"
"ENSMUSG00000022769",269.556617185911,-1.36411739821217,0.170012321558523,-8.023638438127,1.02658172039184e-15,1.99147435575096e-13,"Downregulated"
"ENSMUSG00000113689",139.334590021618,-1.52311276250555,0.190354738709225,-8.0014438980275,1.22968613333185e-15,2.34249669272991e-13,"Downregulated"
"ENSMUSG00000066245",222.506303411245,1.23213095391389,0.155472911320997,7.92505230296981,2.28050324170687e-15,4.30546795052605e-13,"Upregulated"
"ENSMUSG00000018727",101.872956183165,-1.68331962755901,0.215040623960363,-7.82791454264609,4.96028897625442e-15,8.82954799698142e-13,"Downregulated"
"ENSMUSG00000035711",175.821820090082,-1.64408737567815,0.210165063660174,-7.82283861572997,5.16452974903458e-15,9.10033179527802e-13,"Downregulated"
"ENSMUSG00000044177",250.547531307076,1.52858885973698,0.196217930768408,7.79026082759553,6.68710078281652e-15,1.1495833012411e-12,"Upregulated"
"ENSMUSG00000115149",363.396455650674,-1.018088480826,0.131934974221489,-7.71659286579203,1.19480532154403e-14,1.97376238469128e-12,"Downregulated"
"ENSMUSG00000127251",429.178639161747,1.13258445247329,0.147240590327612,7.69206677284626,1.44777021036667e-14,2.31917432562145e-12,"Upregulated"
"ENSMUSG00000104093",139.612284838346,1.4152785973382,0.185995152892279,7.60922301108497,2.7574859480274e-14,4.3190400274844e-12,"Upregulated"
"ENSMUSG00000050121",483.927787031983,-1.222765172779,0.162387438146373,-7.52992464649158,5.07696130886506e-14,7.56002442788392e-12,"Downregulated"
"ENSMUSG00000032446",1112.65069089367,-1.79850943721333,0.239958818577773,-7.49507539615768,6.62602638871689e-14,9.66257434409784e-12,"Downregulated"
"ENSMUSG00000046879",322.283888191845,1.18266538657827,0.157893478922499,7.49027378868999,6.87300886691751e-14,9.95409400623087e-12,"Upregulated"
"ENSMUSG00000079363",292.482053727758,2.48422845553566,0.332149449760836,7.47924904685053,7.47485020154783e-14,1.06794396967384e-11,"Upregulated"
"ENSMUSG00000000791",124.647006399558,1.45549796741118,0.194990435079053,7.46445827879242,8.36430109531609e-14,1.17908764440306e-11,"Upregulated"
"ENSMUSG00000114277",144.303928736516,1.38761034546432,0.185876764636203,7.46521679662407,8.31625732112678e-14,1.17908764440306e-11,"Upregulated"
"ENSMUSG00000027824",82.7461185415342,1.77811318730653,0.240013223431326,7.40839676200296,1.27835369030122e-13,1.75524602476748e-11,"Upregulated"
"ENSMUSG00000049721",299.575312917868,-1.11302039691952,0.150324969826648,-7.40409526243735,1.32047610754258e-13,1.80138498670889e-11,"Downregulated"
"ENSMUSG00000075020",401.483690205463,-1.23311225578038,0.166953420256471,-7.38596582140155,1.51350672195096e-13,2.03841398953205e-11,"Downregulated"
"ENSMUSG00000089769",91.0741616123383,-1.97757024316237,0.26790612472914,-7.38157907051114,1.56423070510638e-13,2.06722864121715e-11,"Downregulated"
"ENSMUSG00000076439",920.440024018301,-1.0972837964781,0.15062093047552,-7.28506850285618,3.21506896054869e-13,4.19645883770383e-11,"Downregulated"
"ENSMUSG00000046215",83.9313150847921,1.8125256656015,0.249145422654793,7.27497076321116,3.46495486591328e-13,4.46746772193514e-11,"Upregulated"
"ENSMUSG00000111360",25.8562199527349,3.71245871142931,0.514008020353689,7.22256961841718,5.10142723829928e-13,6.34527523257873e-11,"Upregulated"
"ENSMUSG00000078853",187.162027932966,1.32024999848644,0.182955253640278,7.21624535080193,5.34425977783883e-13,6.57002168618617e-11,"Upregulated"
"ENSMUSG00000036446",210.360556909302,-1.12413141384203,0.157006476719723,-7.15977733739451,8.08082054497354e-13,9.76394002419803e-11,"Downregulated"
"ENSMUSG00000086552",78.6237366315224,-1.72164189366981,0.241812529551402,-7.11973815775267,1.08132290951903e-12,1.27025405121e-10,"Downregulated"
"ENSMUSG00000022639",202.439807894842,-1.0957253999943,0.15610581838045,-7.01911953931067,2.23270703828662e-12,2.53820378089089e-10,"Downregulated"
"ENSMUSG00000023393",44.6324472724833,2.267217905849,0.327167806351223,6.92983191449798,4.2134094138862e-12,4.59239907508369e-10,"Upregulated"
"ENSMUSG00000021070",64.5746911871827,1.79715666376964,0.261383586428936,6.87555285441858,6.17499063159439e-12,6.52850884525317e-10,"Upregulated"
"ENSMUSG00000022622",40.5677353376253,2.25535541149821,0.333042988012183,6.77196485943043,1.27045002290432e-11,1.2977616296769e-09,"Upregulated"
"ENSMUSG00000099964",174.467827481269,-1.13016395162556,0.167132835581596,-6.76207010844257,1.36033843087791e-11,1.38290173658238e-09,"Downregulated"
"ENSMUSG00000120475",68.9785157887629,1.65698582337481,0.245822671418102,6.74057365749054,1.57762500955943e-11,1.57353211448746e-09,"Upregulated"
"ENSMUSG00000040554",24.2564019005646,3.60514690754216,0.537880286345808,6.70250797260932,2.04872393919671e-11,2.00556794881086e-09,"Upregulated"
"ENSMUSG00000028794",130.634125584243,-1.31453438078634,0.196616248468563,-6.68578711589304,2.29686718063552e-11,2.2278558043366e-09,"Downregulated"
"ENSMUSG00000121184",208.04781702699,-1.2359078550291,0.186780550240302,-6.61689803054467,3.66814328046016e-11,3.44723954068133e-09,"Downregulated"
"ENSMUSG00000106056",180.466233150297,1.17050467729975,0.177054713659609,6.61097721210669,3.81791261850031e-11,3.57211337691102e-09,"Upregulated"
"ENSMUSG00000110729",27.5559940449973,3.05130190846149,0.461865353971151,6.60647498719307,3.93578730514714e-11,3.63415819071337e-09,"Upregulated"
"ENSMUSG00000110140",43.4624814781238,2.425111265621,0.367450152420897,6.59983741915325,4.11608919092572e-11,3.76773618797075e-09,"Upregulated"
"ENSMUSG00000018339",61.1154020895896,1.79400880350367,0.272075571090509,6.59378861657105,4.2874204420587e-11,3.89088005353353e-09,"Upregulated"
"ENSMUSG00000044734",462.394730219226,-1.07917527043948,0.163996702381138,-6.58046933121507,4.68965562143503e-11,4.23772513313008e-09,"Downregulated"
"ENSMUSG00000120226",56.016974190091,1.90995200391534,0.291146374060203,6.56010918933993,5.37683927119826e-11,4.77702799955829e-09,"Upregulated"
"ENSMUSG00000020286",21.2257732749699,3.50770315877826,0.541775778720758,6.47445547872343,9.51544620289937e-11,8.01609999841861e-09,"Upregulated"
"ENSMUSG00000021898",219.110189638306,1.03772722881203,0.160538856788363,6.46402528068369,1.01953827946623e-10,8.4541713409072e-09,"Upregulated"
"ENSMUSG00000019874",514.297374884838,-2.2403739186746,0.347512294493164,-6.44689110047781,1.1416775723193e-10,9.32076149293112e-09,"Downregulated"
"ENSMUSG00000032556",85.2612212174156,-1.60517961060017,0.250077238898522,-6.41873533821099,1.37411058722372e-10,1.10058971086536e-08,"Downregulated"
"ENSMUSG00000108081",37.8372193787488,2.2088517214373,0.344099757378207,6.41921906096989,1.36975184961458e-10,1.10058971086536e-08,"Upregulated"
"ENSMUSG00000092536",119.407798137851,1.2617076005287,0.196914283434132,6.40739502754633,1.48026935264678e-10,1.17229571017663e-08,"Upregulated"
"ENSMUSG00000040564",96.2772388185525,1.54692149722406,0.243069360590244,6.36411554902551,1.96418236387631e-10,1.52134198110493e-08,"Upregulated"
"ENSMUSG00000120418",22.5533236037968,-3.67350139556651,0.579916623289438,-6.33453370370632,2.38060129406283e-10,1.82383385373038e-08,"Downregulated"
"ENSMUSG00000108832",82.4939410226826,-1.80645637526963,0.286857424324346,-6.29740150363719,3.02676563698630e-10,2.26953756716579e-08,"Downregulated"
"ENSMUSG00000047246",144.067608411767,-1.19655290881472,0.190377631800911,-6.28515491812623,3.27526916855204e-10,2.438576287642e-08,"Downregulated"
"ENSMUSG00000112295",49.9640354691354,1.80487856789028,0.287919989463778,6.26868100145351,3.6411920261307e-10,2.68268311472242e-08,"Upregulated"
"ENSMUSG00000104713",86.7947364458375,1.37008771294539,0.220538240459275,6.21247231360944,5.21573725434102e-10,3.75125048445717e-08,"Upregulated"
"ENSMUSG00000074934",150.778987433448,1.23109151143931,0.198408602307995,6.20482931243199,5.47562995500046e-10,3.88530857041895e-08,"Upregulated"
"ENSMUSG00000045725",90.1158608066576,1.50761216357218,0.244240430226667,6.17265602657612,6.71522039043494e-10,4.73311117185823e-08,"Upregulated"
"ENSMUSG00000091405",27.1985616363891,-2.7569113626385,0.452133883756728,-6.097555307582,1.07702861204923e-09,7.44240849731402e-08,"Downregulated"
"ENSMUSG00000025213",201.360366436407,1.05982371863177,0.17454297764183,6.07199288651174,1.26332530420604e-09,8.6171011475602e-08,"Upregulated"
"ENSMUSG00000029727",88.6454978383297,1.37587008540439,0.226893116070892,6.06395693809638,1.32812728190428e-09,8.9722847846217e-08,"Upregulated"
"ENSMUSG00000072919",60.1450831484137,-1.7471987366333,0.288280409246137,-6.06076126089275,1.35478796120064e-09,9.06550362012266e-08,"Downregulated"
"ENSMUSG00000048373",89.9217907395641,1.28809193423612,0.212723246273697,6.05524763654096,1.40201813372929e-09,9.2642729492831e-08,"Upregulated"
"ENSMUSG00000046718",215.48741696522,1.21754451672098,0.201517320040637,6.04188521599758,1.52323820161814e-09,9.91042208406636e-08,"Upregulated"
"ENSMUSG00000135861",102.547152116163,1.53861204228718,0.256686328161364,5.9941332026065,2.04573643712309e-09,1.30292460731831e-07,"Upregulated"
"ENSMUSG00000109127",50.5486906169733,-1.98289563844664,0.335056808961346,-5.91808787469052,3.25705946693742e-09,1.98474128035711e-07,"Downregulated"
"ENSMUSG00000109460",48.4990513025065,-1.91086392057839,0.323436796196158,-5.9079979243286,3.46290381738501e-09,2.09208860624588e-07,"Downregulated"
"ENSMUSG00000111110",105.817043510574,1.3524078343468,0.22896303011725,5.90666464212257,3.49103389203681e-09,2.09716556217594e-07,"Upregulated"
"ENSMUSG00000131495",95.5515765047481,-1.28449082832526,0.217475909589216,-5.9063591491651,3.49751055029394e-09,2.09716556217594e-07,"Downregulated"
"ENSMUSG00000016496",68.7029177315045,1.58177630236543,0.268384298606789,5.89369911196964,3.77644554146441e-09,2.24937861899338e-07,"Upregulated"
"ENSMUSG00000032611",69.9986150013892,-1.4989985899959,0.256815956548252,-5.83685924404102,5.31939968340601e-09,2.99943216814987e-07,"Downregulated"
"ENSMUSG00000078922",53.3724733501136,1.97210429028278,0.340659799801531,5.78907253345341,7.0776132052785e-09,3.83733669809267e-07,"Upregulated"
"ENSMUSG00000127364",129.284312294646,1.13987646586749,0.19743872019649,5.7733177399706,7.77256733176234e-09,4.14784184860694e-07,"Upregulated"
"ENSMUSG00000041193",138.493589572468,1.09043921223466,0.190985576384136,5.70953698640267,1.13283937395591e-08,5.89605381281518e-07,"Upregulated"
"ENSMUSG00000109771",49.405957799313,1.66613377995335,0.291898382350082,5.70792399238141,1.14362466222404e-08,5.92694693204099e-07,"Upregulated"
"ENSMUSG00000032436",112.770127803562,1.24753994887798,0.218836263476027,5.70079167438646,1.19252299892636e-08,6.15021922251167e-07,"Upregulated"
"ENSMUSG00000116946",101.665672847523,1.24782431867138,0.219360144835066,5.68847326213064,1.28180176656426e-08,6.56263882663469e-07,"Upregulated"
"ENSMUSG00000098708",79.2542875152965,1.42094977359058,0.25015666447882,5.68023952730183,1.3450624325509e-08,6.83686181160788e-07,"Upregulated"
"ENSMUSG00000134258",92.4147976650223,1.70379174059772,0.300097309145994,5.67746423800436,1.36706094995962e-08,6.93201529661779e-07,"Upregulated"
"ENSMUSG00000085246",145.263848211377,-1.22279464041289,0.215933335269421,-5.66283403573238,1.48893152380283e-08,7.46053485090303e-07,"Downregulated"
"ENSMUSG00000099583",24.977797946865,-2.85334369899237,0.503915517257408,-5.66234537591117,1.493179063491e-08,7.4641303303823e-07,"Downregulated"
"ENSMUSG00000105368",127.403250600191,-1.17599568098121,0.207892260272877,-5.65675547246257,1.54261295758921e-08,7.69305447835467e-07,"Downregulated"
"ENSMUSG00000121015",69.0917736299433,-1.66734703075383,0.295182199450093,-5.64853515510082,1.61820763175443e-08,7.97599076304138e-07,"Downregulated"
"ENSMUSG00000079017",92.0081789712061,1.78934587161414,0.317834824065756,5.62979804643418,1.80420748781896e-08,8.83101095600274e-07,"Upregulated"
"ENSMUSG00000061816",52.8506304615792,1.56718196388832,0.278536232901542,5.62649227916532,1.83911014532976e-08,8.98105866581935e-07,"Upregulated"
"ENSMUSG00000106858",82.8536322637214,1.4019302334069,0.249276653955771,5.6239933068728,1.86592882611533e-08,9.09102880834302e-07,"Upregulated"
"ENSMUSG00000143017",79.4749850170842,1.43378110795504,0.257692161483034,5.56392984444519,2.63766021880801e-08,1.24216760193085e-06,"Upregulated"
"ENSMUSG00000022388",110.918968653397,1.12061276850248,0.201718354733505,5.55533367294689,2.77081946632439e-08,1.29544879217159e-06,"Upregulated"
"ENSMUSG00000106928",90.9561208883346,-1.39451164995265,0.252994621930563,-5.51202092483765,3.54736734006185e-08,1.616575051845e-06,"Downregulated"
"ENSMUSG00000037321",120.604856452398,1.08694316804594,0.201105285506522,5.40484634855948,6.48639721188911e-08,2.76521913397974e-06,"Upregulated"
"ENSMUSG00000039110",97.5831943767103,-1.19345551292431,0.220802377250196,-5.40508452756365,6.4777837096915e-08,2.76521913397974e-06,"Downregulated"
"ENSMUSG00000114089",35.465231470704,-2.05433241407012,0.38104271236214,-5.39134419166559,6.99325795745403e-08,2.93980993062357e-06,"Downregulated"
"ENSMUSG00000140427",78.814009963889,1.4155943653387,0.262764892778026,5.38730402822321,7.15223923297709e-08,2.98292107655425e-06,"Upregulated"
"ENSMUSG00000045259",96.9455606700709,1.11863498618048,0.208697124231067,5.36008816749167,8.31813456801464e-08,3.36499495884627e-06,"Upregulated"
"ENSMUSG00000107008",94.4395250543843,-1.15018368229376,0.214821161369764,-5.35414516409763,8.59618299473327e-08,3.46221503664067e-06,"Downregulated"
"ENSMUSG00000100807",59.496507459731,-1.46719828104963,0.275326088695413,-5.32894753273001,9.87835259882215e-08,3.9189074240543e-06,"Downregulated"
"ENSMUSG00000049649",165.77482915453,-1.08828920257972,0.204402271538056,-5.32425199774308,1.01369297385879e-07,3.99898095750823e-06,"Downregulated"
"ENSMUSG00000087216",71.5195131220044,1.32748826865506,0.251557854206579,5.27706945522332,1.31266144180408e-07,5.01920907539735e-06,"Upregulated"
"ENSMUSG00000097613",113.260404362669,1.27175927508099,0.241082460652862,5.27520447417456,1.32608147283854e-07,5.06137053125829e-06,"Upregulated"
"ENSMUSG00000113252",148.730819350164,-1.16738080198532,0.22133399729109,-5.27429503046484,1.33267369552586e-07,5.07736671926022e-06,"Downregulated"
"ENSMUSG00000035429",70.9475245812604,1.3899365876284,0.2641388282152,5.26214414223111,1.42385066582386e-07,5.37993529249838e-06,"Upregulated"
"ENSMUSG00000029135",609.765688251563,-1.58232853876249,0.300769066370849,-5.26094175127529,1.43319435212338e-07,5.40194199209428e-06,"Downregulated"
"ENSMUSG00000051985",96.0291789565789,1.29741497092296,0.246840329782642,5.25608992689896,1.47150358057291e-07,5.53646676356123e-06,"Upregulated"
"ENSMUSG00000007080",114.237734297093,1.15115245329047,0.21959903140589,5.24206525830604,1.58789187120946e-07,5.94265019765026e-06,"Upregulated"
"ENSMUSG00000085428",100.767414992768,1.18705646366169,0.226563649070652,5.23939505975876,1.61103825805741e-07,6.01862260894416e-06,"Upregulated"
"ENSMUSG00000105504",130.232281884945,1.08768790649001,0.208408928590441,5.2190081962731,1.79883803646032e-07,6.61503135320931e-06,"Upregulated"
"ENSMUSG00000062778",36.5503766064406,1.80454771129662,0.346853321676925,5.20262485183132,1.96493264850417e-07,7.16353462976217e-06,"Upregulated"
"ENSMUSG00000026683",119.439803150064,-1.00662315233559,0.193761177601046,-5.19517462062616,2.04527768585611e-07,7.40537614168277e-06,"Downregulated"
"ENSMUSG00000022025",76.1694262650873,-1.30248061503165,0.25115319261881,-5.18600062953807,2.14858082322691e-07,7.73964931978415e-06,"Downregulated"
"ENSMUSG00000056032",35.5461037922247,1.81726431949339,0.350747569413805,5.18111735608185,2.20560662744936e-07,7.91809034591116e-06,"Upregulated"
"ENSMUSG00000033847",67.0578138117707,-1.33041405265183,0.257263625622237,-5.17140365037612,2.32342063250977e-07,8.2987718368951e-06,"Downregulated"
"ENSMUSG00000116682",133.888641697818,-1.06718625946008,0.206574742143811,-5.16610234332106,2.39025945217615e-07,8.46600269954184e-06,"Downregulated"
"ENSMUSG00000016356",181.976554714362,-1.02683884504973,0.199470566806081,-5.14782136277773,2.63529274456886e-07,9.21045703866257e-06,"Downregulated"
"ENSMUSG00000029149",84.2734343921712,-1.22933207221893,0.240081365898778,-5.12048099866792,3.04757325059845e-07,1.05123876645847e-05,"Downregulated"
"ENSMUSG00000051627",28.3984628841803,-2.18109326628503,0.426188910441505,-5.117667806104,3.09336808154216e-07,1.06356533470258e-05,"Downregulated"
"ENSMUSG00000090877",218.126705720496,-1.15070138741174,0.225088577613077,-5.11221582016378,3.18401759058975e-07,1.09118398627261e-05,"Downregulated"
"ENSMUSG00000141869",59.360322658806,-1.65073813559718,0.323820647080978,-5.09769265943188,3.43818427784747e-07,1.16881682564445e-05,"Downregulated"
"ENSMUSG00000024430",66.6511176613719,1.26935856798907,0.253226638172049,5.01273711625329,5.36611865966714e-07,1.75102745460898e-05,"Upregulated"
"ENSMUSG00000025991",45.5629349714358,-1.56655207751961,0.31447788097295,-4.98143803523771,6.3113494486269e-07,2.00681930964234e-05,"Downregulated"
"ENSMUSG00000048782",141.737976019657,-1.03530060278497,0.208270282769446,-4.97094731431771,6.66265544833888e-07,2.09023515512056e-05,"Downregulated"
"ENSMUSG00000133479",30.2330741268277,-2.01191282074062,0.405610448266555,-4.96020955411497,7.04171748374893e-07,2.18966347343928e-05,"Downregulated"
"ENSMUSG00000139960",22.1443028986723,2.19567963443568,0.44302436196193,4.95611488431951,7.19167028038827e-07,2.23300834183274e-05,"Upregulated"
"ENSMUSG00000034768",62.6602010048003,1.29347156056882,0.261163644708934,4.95272441924445,7.31815805188664e-07,2.26231654981203e-05,"Upregulated"
"ENSMUSG00000113102",75.08559412324,-1.2204127276501,0.246633100203346,-4.94829253106694,7.48673329114934e-07,2.30768185774567e-05,"Downregulated"
"ENSMUSG00000131201",73.7847611717976,1.31099244739241,0.26548111353792,4.93817593998132,7.88566834784681e-07,2.4060960637117e-05,"Upregulated"
"ENSMUSG00000020080",80.258795964059,1.09458280768203,0.221823519088138,4.93447589408728,8.03662701493919e-07,2.44862360563241e-05,"Upregulated"
"ENSMUSG00000020914",29.9303242342294,-2.04926410378685,0.415785557809776,-4.92865628758658,8.27970876347785e-07,2.49393791743218e-05,"Downregulated"
"ENSMUSG00000030406",56.6081091802656,1.35382504773118,0.275404841562727,4.91576342684894,8.84371423879917e-07,2.63380757154096e-05,"Upregulated"
"ENSMUSG00000098221",39.486929846421,1.67312347847655,0.340641493751198,4.91168430496194,9.02973549926912e-07,2.68165389230401e-05,"Upregulated"
"ENSMUSG00000025498",152.919216025413,1.06497663667466,0.217270950422252,4.90160619542073,9.50562412353389e-07,2.80329737924859e-05,"Upregulated"
"ENSMUSG00000142997",81.1338023909709,-1.11615888916039,0.228460485765883,-4.8855664707996,1.03131903808555e-06,3.02458267133413e-05,"Downregulated"
"ENSMUSG00000085743",95.0235519342223,1.18496089202622,0.243358443311779,4.86919983502733,1.12051048839056e-06,3.22356384721338e-05,"Upregulated"
"ENSMUSG00000028341",1380.69996457319,-2.68870811372201,0.555797140974497,-4.83757096880313,1.31435462386556e-06,3.72048574586843e-05,"Downregulated"
"ENSMUSG00000105852",108.235113475689,1.00652968760586,0.208290250935857,4.83234180708642,1.34936323434283e-06,3.79418691358764e-05,"Upregulated"
"ENSMUSG00000109232",16.7121750034286,2.90272807352419,0.601470069800812,4.82605572457742,1.39263557555602e-06,3.90030188677245e-05,"Upregulated"
"ENSMUSG00000108617",101.238688600504,-1.00893530043784,0.209543117024464,-4.81492933179973,1.47251991343401e-06,4.08614613773783e-05,"Downregulated"
"ENSMUSG00000130407",42.7963755411309,-1.68234860686503,0.349447761754728,-4.81430643143121,1.47712001413987e-06,4.09353901690532e-05,"Downregulated"
"ENSMUSG00000098488",84.0451321486338,-1.24392361045746,0.258522375399244,-4.81166710825874,1.49676510200314e-06,4.14255210495504e-05,"Downregulated"
"ENSMUSG00000097286",66.0729248426006,1.4669164521628,0.305822396190191,4.79662860024982,1.61358379100835e-06,4.43683085316924e-05,"Upregulated"
"ENSMUSG00000050141",66.0246970591569,1.35580553604378,0.282829331385396,4.79372323019883,1.63714099506005e-06,4.49575926500582e-05,"Upregulated"
"ENSMUSG00000084899",100.026579304002,-1.1155428235009,0.233708050597098,-4.77323233260817,1.8129244573334e-06,4.91465226286087e-05,"Downregulated"
"ENSMUSG00000108976",24.6398424272974,-2.34631619497443,0.49250007606898,-4.76409306106544,1.89704944063866e-06,5.10995037226809e-05,"Downregulated"
"ENSMUSG00000020808",29.0853937770809,1.84861926137149,0.38842293593395,4.75929480561324,1.94270511240176e-06,5.20309991014897e-05,"Upregulated"
"ENSMUSG00000108368",67.9343617088022,1.16169341940844,0.244958846786485,4.74240238574037,2.11198601157992e-06,5.57527393443913e-05,"Upregulated"
"ENSMUSG00000073686",30.0350058517442,1.90702714294625,0.402756173261083,4.73494205564923,2.19117691315483e-06,5.73865430998575e-05,"Upregulated"
"ENSMUSG00000087373",44.5205735379785,1.44765855734531,0.305882306656044,4.73273061515508,2.21519397416393e-06,5.78275019551807e-05,"Upregulated"
"ENSMUSG00000027514",17.5608209872804,2.87102047664804,0.607157357422667,4.72862667568632,2.26043576989051e-06,5.87990078866275e-05,"Upregulated"
"ENSMUSG00000112662",10.9314544361708,4.23612873996444,0.896250855634233,4.726498963247,2.28423957763205e-06,5.92641053607727e-05,"Upregulated"
"ENSMUSG00000133070",24.1960491217009,2.29427750246503,0.48809056121477,4.70051602054132,2.59504895226543e-06,6.57153414319192e-05,"Upregulated"
"ENSMUSG00000039714",48.7119699570671,1.37844667764889,0.293897510742607,4.69022916922943,2.72899225624455e-06,6.86958824503464e-05,"Upregulated"
"ENSMUSG00000085331",46.341631303614,-1.4054714826738,0.29991059983778,-4.68630146261589,2.78186418502949e-06,6.98604729126467e-05,"Downregulated"
"ENSMUSG00000110027",64.8900275827554,-1.26523390295311,0.270097217081543,-4.68436482472581,2.80829426010855e-06,7.04405481969103e-05,"Downregulated"
"ENSMUSG00000029716",61.4849107315514,1.37995765999034,0.294911381534098,4.67922822378692,2.87956774807326e-06,7.18872019279918e-05,"Upregulated"
"ENSMUSG00000025473",60.0720626001925,-1.2417798964349,0.265397428829042,-4.67894471289245,2.88355176049697e-06,7.19017711977693e-05,"Downregulated"
"ENSMUSG00000079507",92.5700021393929,1.02902662756248,0.220644174838577,4.66373802215858,3.10516644915763e-06,7.67041408498108e-05,"Upregulated"
"ENSMUSG00000120401",41.671663254724,-1.53467206528236,0.329131885984253,-4.66278756521265,3.11954730160215e-06,7.69694605511988e-05,"Downregulated"
"ENSMUSG00000099696",202.980378207822,1.744951350879,0.37822703380386,4.61350245996401,3.95939575333865e-06,9.49222485310043e-05,"Upregulated"
"ENSMUSG00000051617",14.985209435723,2.98456058421347,0.648791940848629,4.60018134674981,4.22123291756819e-06,0.00010074262984422,"Upregulated"
"ENSMUSG00000097098",29.0286139542871,1.80609777528826,0.394743197739838,4.57537402956998,4.7536993162628e-06,0.00011168552449153,"Upregulated"
"ENSMUSG00000020689",87.8435281451288,-1.05572143063898,0.230858290281318,-4.57302802230974,4.80725816931265e-06,0.000112444108396146,"Downregulated"
"ENSMUSG00000061099",92.5564710344131,-1.05730661416084,0.231334778683876,-4.57046113073069,4.86652181716272e-06,0.000113328858836901,"Downregulated"
"ENSMUSG00000091423",52.0507159795866,1.25543805433961,0.275122691884401,4.56319340924127,5.038136213269e-06,0.000116555131542202,"Upregulated"
"ENSMUSG00000020218",81.2012487611321,-1.05981266927867,0.232413571004581,-4.56002919578987,5.11465093332799e-06,0.000117809688437059,"Downregulated"
"ENSMUSG00000017868",55.0360301857404,-1.23508641216741,0.271596107647285,-4.54751146055226,5.42839651802635e-06,0.00012449397437491,"Downregulated"
"ENSMUSG00000086916",30.556819925194,-1.91933626430922,0.422208577659299,-4.5459433224922,5.46897529523771e-06,0.000125288713562082,"Downregulated"
"ENSMUSG00000124018",73.1348181432787,1.07834502852043,0.237432648986084,4.54168806659623,5.58055714442171e-06,0.000127568519804105,"Upregulated"
"ENSMUSG00000130713",15.7780732605885,2.53036659245277,0.557699915717268,4.5371471666773,5.70203173543796e-06,0.000129644581769716,"Upregulated"
"ENSMUSG00000124428",38.6292190779637,1.49974148523824,0.33062898160532,4.5360254807563,5.73242573893755e-06,0.000130055946619994,"Upregulated"
"ENSMUSG00000056155",26.7193059466558,1.81369461102629,0.399943844559302,4.53487317206945,5.76381097130593e-06,0.000130627848862019,"Upregulated"
"ENSMUSG00000120068",48.4178353326882,1.32953694751543,0.293531393109096,4.52945401659741,5.91363023802061e-06,0.000133194122885105,"Upregulated"
"ENSMUSG00000078921",47.3714305693788,1.63488371418183,0.361136779914284,4.52704848996514,5.9813219029898e-06,0.000134262262886114,"Upregulated"
"ENSMUSG00000086166",32.0864655799544,1.60385014100831,0.355685103786641,4.50918557997971,6.50769644478612e-06,0.000143938536950839,"Upregulated"
"ENSMUSG00000028860",32.6607966099018,-1.65349593143368,0.368007398459347,-4.49310513417937,7.01921094470193e-06,0.000153645150544226,"Downregulated"
"ENSMUSG00000115756",36.3350734737351,-1.63494861504433,0.364356020109054,-4.48722821858408,7.21557698207638e-06,0.000157202820504438,"Downregulated"
"ENSMUSG00000040140",74.9062866352378,1.06761563527777,0.238650286847767,4.47355689104532,7.69290779490057e-06,0.000166495941988918,"Upregulated"
"ENSMUSG00000033688",31.2215150365378,1.77258944655667,0.397865256139639,4.45525066389448,8.37952316250694e-06,0.000178794164753995,"Upregulated"
"ENSMUSG00000099784",27.830542256846,1.67861136129238,0.377349020294127,4.44843174624908,8.64995264290482e-06,0.000183819289010988,"Upregulated"
"ENSMUSG00000002831",470.583799069769,2.01173622166063,0.452620457581346,4.44464271988651,8.80380491064364e-06,0.000186529513863286,"Upregulated"
"ENSMUSG00000074151",56.7144682005719,1.24937246568634,0.281663819627511,4.4356867251839,9.17792374171166e-06,0.000193679837842808,"Upregulated"
"ENSMUSG00000111696",23.3232437038371,-1.99619895851806,0.450618023524728,-4.42991370585629,9.42708030119765e-06,0.000198739394784471,"Downregulated"
"ENSMUSG00000107620",72.6521219156003,-1.18570811769058,0.267802312063329,-4.42754996607417,9.5309498443973e-06,0.000200329954731393,"Downregulated"
"ENSMUSG00000124731",29.8110487941477,1.66946309101038,0.377276685932821,4.42503646066178,9.64259958462e-06,0.000202074101305044,"Upregulated"
"ENSMUSG00000026774",24.1148024684663,1.81699454290065,0.410990295331658,4.42101568708425,9.82380407974838e-06,0.000204856348388836,"Upregulated"
"ENSMUSG00000136293",56.6191125233684,-1.46366175523733,0.332387055720579,-4.4034860264467,1.06525148273737e-05,0.000218899345019259,"Downregulated"
"ENSMUSG00000120777",105.59589168866,1.05124809137688,0.239176023952774,4.39529043924759,1.10624741837973e-05,0.000225787660826634,"Upregulated"
"ENSMUSG00000109401",74.7079978047999,1.04851794010139,0.23865620681436,4.39342413967461,1.11579135847757e-05,0.000227078039220484,"Upregulated"
"ENSMUSG00000003665",57.0878194493813,1.19213825958897,0.271567625683609,4.389839387475,1.13434411690523e-05,0.000230189120460279,"Upregulated"
"ENSMUSG00000040809",60.5665323070609,3.10912047980101,0.708921186821958,4.38570681423554,1.15609753679909e-05,0.000234378546650208,"Upregulated"
"ENSMUSG00000022504",68.5944280192614,-1.13334555885914,0.259847601665054,-4.36157790796175,1.29127799829656e-05,0.000256617230018617,"Downregulated"
"ENSMUSG00000091971",149.312054856116,-1.11433357578667,0.255511142900134,-4.36119365730441,1.29354811459931e-05,0.000256826994208473,"Downregulated"
"ENSMUSG00000120913",70.5506405518569,1.01884916650159,0.233991897756268,4.35420703140262,1.33549450109891e-05,0.000263423798747541,"Upregulated"
"ENSMUSG00000015467",55.4369275514253,-1.31285910034744,0.303691359724523,-4.32300445273888,1.53918625902667e-05,0.000297496283794506,"Downregulated"
"ENSMUSG00000056987",23.1795158945382,-1.98706627842217,0.461125939977176,-4.30916178456697,1.63874460172361e-05,0.000313019463445761,"Downregulated"
"ENSMUSG00000032988",88.9656344838423,1.02825936367397,0.238642639013899,4.3087830738164,1.64155276312362e-05,0.000313272862601525,"Upregulated"
"ENSMUSG00000044338",23.9021533143079,-1.92272651180225,0.446822131198359,-4.30311387362477,1.68414233882885e-05,0.000319669566916841,"Downregulated"
"ENSMUSG00000097075",52.8175727087812,-1.21057249257751,0.281373562720843,-4.30236757452065,1.68982668911021e-05,0.000320460855078344,"Downregulated"
"ENSMUSG00000097493",37.140087156578,1.51130434211552,0.352345186226406,4.28927200141853,1.79259728133456e-05,0.000336928617900615,"Upregulated"
"ENSMUSG00000109603",14.3356014340958,2.4467112852889,0.574995307067594,4.25518479058,2.08876434250752e-05,0.000384729285908724,"Upregulated"
"ENSMUSG00000142517",26.3509893339545,-1.72861479408143,0.406373422606592,-4.25375946830779,2.10211101301873e-05,0.000386850629854491,"Downregulated"
"ENSMUSG00000042828",33.9225898175635,1.53368733754223,0.360998498389795,4.24845905006009,2.15245981685903e-05,0.000394742088703245,"Upregulated"
"ENSMUSG00000070369",31.6484398380887,1.5690314711873,0.369530017819818,4.24601898499179,2.17602200923946e-05,0.0003987173776895,"Upregulated"
"ENSMUSG00000029082",17.9758413605669,2.16771096013754,0.511331241471395,4.23934777366582,2.24170145062782e-05,0.000409492101384623,"Upregulated"
"ENSMUSG00000085584",74.0203873484547,1.00153654056037,0.237423317721818,4.21835795308801,2.46087926319419e-05,0.000445889391775846,"Upregulated"
"ENSMUSG00000134630",44.8629434049604,1.44229929428607,0.34278289390631,4.20761747428469,2.58077248744621e-05,0.000462853555954623,"Upregulated"
"ENSMUSG00000033715",90.4197817337779,-1.11093779331585,0.265468155480957,-4.18482507366328,2.85385780272445e-05,0.000502873526988405,"Downregulated"
"ENSMUSG00000106678",65.9370576880336,-1.09719406172479,0.263000881534771,-4.1718265555689,3.02167613327005e-05,0.000528044147421447,"Downregulated"
"ENSMUSG00000133926",12.9589563934999,2.5308449321271,0.607142587036466,4.16845233091036,3.06674879833826e-05,0.000532838153992297,"Upregulated"
"ENSMUSG00000025140",58.9203674958297,-1.09358191499201,0.26415994350983,-4.13984762588093,3.47536587251193e-05,0.000592633962695684,"Downregulated"
"ENSMUSG00000001494",31.3236224164444,-1.55447505840233,0.37981931675509,-4.09266982965131,4.26434708573494e-05,0.000701163445784333,"Downregulated"
"ENSMUSG00000000731",8.71565404664046,3.35780889645377,0.823071134175675,4.07960959512533,4.51113982496937e-05,0.000735033960294978,"Upregulated"
"ENSMUSG00000046764",9.91420984403557,4.95285617701195,1.21469884770979,4.07743547822586,4.55351601756985e-05,0.000739708789842279,"Upregulated"
"ENSMUSG00000056771",77.9154337207003,-1.01029236824407,0.247872263299371,-4.07585889117363,4.58448146589829e-05,0.000743966696825936,"Downregulated"
"ENSMUSG00000049676",26.8453568319166,-1.64190547340223,0.403896017371483,-4.06516876320693,4.79977180505088e-05,0.000774150837664385,"Downregulated"
"ENSMUSG00000087675",66.914317596762,1.01295190761833,0.249811164243408,4.05487044858948,5.0162096001541e-05,0.000805373971110542,"Upregulated"
"ENSMUSG00000052688",58.0997535462965,-1.05865206665743,0.261290354523638,-4.05163087090405,5.08618637373952e-05,0.000814136342715535,"Downregulated"
"ENSMUSG00000030699",65.6881180036538,-1.06709229979223,0.263927296598924,-4.04312973134353,5.27424184848088e-05,0.000840420828079339,"Downregulated"
"ENSMUSG00000059456",398.535164460412,1.15067097844698,0.284736347836774,4.04118050677044,5.31828012497491e-05,0.000845526565733793,"Upregulated"
"ENSMUSG00000074269",74.0150635027837,-1.00332219006427,0.2483821960482,-4.03942877560181,5.35815354005024e-05,0.000849311518773331,"Downregulated"
"ENSMUSG00000108604",31.6492027954195,1.59194314591062,0.394391445400023,4.03645455417001,5.4265031331598e-05,0.000856294095154209,"Upregulated"
"ENSMUSG00000143881",28.1012709439353,-1.69180527912514,0.420659885936725,-4.02178894561773,5.77577995315933e-05,0.000904658274885586,"Downregulated"
"ENSMUSG00000118449",53.1975618188411,1.09725034844858,0.273892241646623,4.00613884443012,6.1719377598184e-05,0.0009603062835273,"Upregulated"
"ENSMUSG00000096753",27.3867563767584,1.65005335889776,0.412755242794244,3.99765572383124,6.39729042484989e-05,0.000988098656197597,"Upregulated"
"ENSMUSG00000097903",27.0981075833049,1.55418228971584,0.389272529589899,3.99253009544028,6.53720330460047e-05,0.00100676739894958,"Upregulated"
"ENSMUSG00000116125",27.5831676687282,1.57369390866768,0.395784102730247,3.97614229023305,7.00422260235478e-05,0.00106703376748409,"Upregulated"
"ENSMUSG00000110982",29.4784058674245,-1.49626840961409,0.376720287982245,-3.97182858833611,7.13230347602028e-05,0.00108498242446366,"Downregulated"
"ENSMUSG00000032818",45.162814143808,1.21234304410474,0.305651887761271,3.96641765566859,7.29609663516318e-05,0.00110354766345154,"Upregulated"
"ENSMUSG00000142285",14.7260383035971,2.17546772766193,0.549475859222277,3.95916889004198,7.52110379834176e-05,0.00113352629947211,"Upregulated"
"ENSMUSG00000085287",41.1552419340759,1.29620005197453,0.327860407802267,3.95351198597993,7.70124042063781e-05,0.00115491296946373,"Upregulated"
"ENSMUSG00000112143",22.3493041711439,1.73766532963539,0.439774141373989,3.95126763071241,7.77383301252419e-05,0.00116414801026787,"Upregulated"
"ENSMUSG00000094103",15.4744256229581,3.17268201497771,0.803019150466441,3.95094190858938,7.78442194216728e-05,0.00116490871880486,"Upregulated"
"ENSMUSG00000052392",31.2745511907664,1.44635618255283,0.366480282010932,3.94661392044467,7.92642162086916e-05,0.00118197591800619,"Upregulated"
"ENSMUSG00000135461",46.793428727312,1.17986921475005,0.29895275655787,3.94667447905487,7.92441793127991e-05,0.00118197591800619,"Upregulated"
"ENSMUSG00000044139",35.9723117111876,-1.33380085331991,0.338363557679842,-3.94191638859035,8.0833157005185e-05,0.00120198108640973,"Downregulated"
"ENSMUSG00000029177",62.7993692061414,-1.0013696855664,0.254463026533091,-3.9352266583066,8.31182157238217e-05,0.00123249275699874,"Downregulated"
"ENSMUSG00000025401",39.8857946442285,-1.25310893337757,0.319312248471442,-3.92439982924627,8.69462278051555e-05,0.0012767208242639,"Downregulated"
"ENSMUSG00000135923",30.7768246385588,1.47346476716883,0.376200844752003,3.916697125282,8.97704152770193e-05,0.0013109084468457,"Upregulated"
"ENSMUSG00000030450",87.6912784210874,1.01400358210142,0.258920879712929,3.91626810176789,8.99302368036622e-05,0.00131143093600927,"Upregulated"
"ENSMUSG00000107859",78.5652798859521,1.02866459330101,0.262836579973895,3.91370407194909,9.08910166249354e-05,0.00132270512493755,"Upregulated"
"ENSMUSG00000129843",36.7679181026702,1.36476670038063,0.348707182895343,3.91379004312117,9.08586454634997e-05,0.00132270512493755,"Upregulated"
"ENSMUSG00000087575",41.2400336449464,1.18886567067518,0.304848747909421,3.89985420254515,9.62506314312806e-05,0.00138168336837368,"Upregulated"
"ENSMUSG00000130362",44.859688616292,1.23018978899682,0.316633842830741,3.88521257866434,0.000102240387306288,0.00145092146952447,"Upregulated"
"ENSMUSG00000028378",63.109367036697,-1.01221017943812,0.260845950458158,-3.88049029574828,0.00010424610453195,0.00147443737814587,"Downregulated"
"ENSMUSG00000141894",29.1674323835312,1.69359414017797,0.436420640509278,3.8806462916182,0.000104179258741489,0.00147443737814587,"Upregulated"
"ENSMUSG00000020872",20.0421524884036,1.85637322846996,0.478644686833055,3.87839514265295,0.00010514783034444,0.00148322273024228,"Upregulated"
"ENSMUSG00000036596",10.7305129397796,-2.84638452966644,0.735962145686953,-3.8675692035894,0.000109925638302574,0.00153932292841585,"Downregulated"
"ENSMUSG00000087616",54.6328295494028,1.06200511761356,0.274730026581121,3.86563176522671,0.000110802008326206,0.0015495426362815,"Upregulated"
"ENSMUSG00000120832",19.3150213270521,1.84524091775862,0.478189170702515,3.85880950638792,0.000113940704304448,0.00158400801611936,"Upregulated"
"ENSMUSG00000105942",8.84142539443434,-3.6536713324077,0.949390131473584,-3.84844039482136,0.000118872211642616,0.00163856122241402,"Downregulated"
"ENSMUSG00000113210",32.0270255864677,1.32474991840825,0.346031556466405,3.82840782481312,0.000128974916288994,0.00175720013204302,"Upregulated"
"ENSMUSG00000006204",30.6492607627306,-1.38492037930891,0.363187653974129,-3.81323639213674,0.000137158807844459,0.00184727579100069,"Downregulated"
"ENSMUSG00000120456",18.5563486306529,1.80008889244528,0.472511830171338,3.8096165587908,0.0001391824792929,0.00187214600804604,"Upregulated"
"ENSMUSG00000031163",16.4253844950891,2.02355999132322,0.53183315974313,3.80487743994861,0.000141874421432553,0.00190351182816708,"Upregulated"
"ENSMUSG00000024066",563.069839155246,1.0222355509234,0.268949180646245,3.80085021440525,0.000144200454027903,0.00192982189900001,"Upregulated"
"ENSMUSG00000082985",54.0977905697937,1.04138444203715,0.27417928803203,3.79818785551555,0.000145757838784776,0.00194819816757528,"Upregulated"
"ENSMUSG00000078838",19.3406083220618,1.97068229928635,0.519003547215764,3.79704976942495,0.000146428399057502,0.0019559245092046,"Upregulated"
"ENSMUSG00000024164",55.5981249336164,1.29356521364448,0.340707011049696,3.79670852577729,0.000146630025177668,0.00195738123887739,"Upregulated"
"ENSMUSG00000129828",20.9924281670532,1.74339226810237,0.459303039041774,3.79573423189087,0.000147207132972074,0.0019638453165265,"Upregulated"
"ENSMUSG00000133623",48.9117651872604,1.17080195895203,0.308929814616087,3.78986392235081,0.000150729834204601,0.00200577869367922,"Upregulated"
"ENSMUSG00000133466",17.1257484968627,1.8880134703131,0.498860664580853,3.78465091429774,0.000153924481564711,0.00203237075172155,"Upregulated"
"ENSMUSG00000127032",8.17374771958512,-3.25169912228327,0.86052265898549,-3.77874898275991,0.000157618207390405,0.00207265982292918,"Downregulated"
"ENSMUSG00000096727",35.4560272421826,1.25300265883699,0.333636135359869,3.75559636993596,0.000172929202260491,0.00224468261620508,"Upregulated"
"ENSMUSG00000122922",25.5278476588336,-1.61289089014962,0.431135569697356,-3.74102951255406,0.000183267996534762,0.00235003140492877,"Downregulated"
"ENSMUSG00000109238",16.0053339709917,1.88033566200249,0.504303845062995,3.72857688952898,0.000192564156411825,0.0024469766149808,"Upregulated"
"ENSMUSG00000142490",33.4554771867193,1.32389162045923,0.356244300602382,3.71624645845738,0.000202204351169625,0.00255108055219673,"Upregulated"
"ENSMUSG00000091844",17.4314918018975,-1.88354514567585,0.50771261910224,-3.70986474396956,0.000207370003874625,0.00261002305471961,"Downregulated"
"ENSMUSG00000096544",96.9520338124227,-1.09003012911539,0.293898901191622,-3.70886085213598,0.000208193795682227,0.00261727574893025,"Downregulated"
"ENSMUSG00000115146",28.6947452013194,-1.42035636076093,0.38317139746039,-3.70684338699306,0.000209858627755866,0.00263391002394387,"Downregulated"
"ENSMUSG00000006546",9.62267202789425,3.26132846636911,0.880501588369637,3.70394387636243,0.00021227324160496,0.00265435700398396,"Upregulated"
"ENSMUSG00000106651",44.3478965579131,-1.16207892937477,0.314490263372727,-3.69511894235498,0.000219783875686274,0.00273607428104928,"Downregulated"
"ENSMUSG00000097435",42.0968189035115,1.29700033339254,0.351339333776518,3.69158875395814,0.000222857601377766,0.00276544834573525,"Upregulated"
"ENSMUSG00000121483",53.2091765423366,1.06956374977323,0.29081155157025,3.67785854447001,0.00023520032869407,0.00290158165124627,"Upregulated"
"ENSMUSG00000087397",22.2069661861391,1.63414671092917,0.445305628120077,3.66971941906047,0.00024281683983372,0.00297664207881359,"Upregulated"
"ENSMUSG00000070337",42.0709002642567,1.21825399349461,0.332072332439828,3.66864045716715,0.000243843717894755,0.00298556769825396,"Upregulated"
"ENSMUSG00000113362",27.3385929469473,1.39582011592497,0.381426945731979,3.65946908456169,0.00025273833034552,0.00306782548516419,"Upregulated"
"ENSMUSG00000130544",13.9830059882114,-2.11637626162449,0.578317108637076,-3.65954288748636,0.00025266555550787,0.00306782548516419,"Downregulated"
"ENSMUSG00000106691",9.25905636307949,-2.79248821001424,0.763435966730162,-3.65778969253258,0.000254399650767224,0.00308301363202758,"Downregulated"
"ENSMUSG00000130450",44.5091481043584,1.12157429354132,0.306912157701498,3.65438209401973,0.000257802100476776,0.0031078822203999,"Upregulated"
"ENSMUSG00000117893",16.0367037634305,1.92201702570687,0.526920384975458,3.6476421875316,0.00026465785577041,0.00317244351488963,"Upregulated"
"ENSMUSG00000122054",31.4771291377451,1.41288919204436,0.388183857685681,3.63974226148372,0.000272911070052028,0.00324379121767855,"Upregulated"
"ENSMUSG00000125567",14.847428432621,-1.8896075045068,0.519537545701885,-3.63709518232022,0.000275730060802792,0.00326994511254909,"Downregulated"
"ENSMUSG00000036040",44.8991228171091,-1.21488965069518,0.334248031297892,-3.63469500770951,0.000278309679968091,0.00329314951478751,"Downregulated"
"ENSMUSG00000129131",18.102074602042,1.71705674514298,0.473022160512881,3.62997104254319,0.00028345301746024,0.00334465069988659,"Upregulated"
"ENSMUSG00000129512",30.2262609151363,-1.33303462264339,0.367596294433391,-3.62635489755988,0.000287450224278406,0.00338426224519315,"Downregulated"
"ENSMUSG00000086697",25.303312570106,1.44993554637171,0.399884653445774,3.62588444912234,0.000287974112559677,0.00338665884876217,"Upregulated"
"ENSMUSG00000142746",33.5736016745628,1.38582829488323,0.383121139053431,3.61720655327756,0.000297799652558861,0.00348283941004265,"Upregulated"
"ENSMUSG00000120740",38.6774922892702,1.22092428172437,0.337684572437367,3.61557613636858,0.000299680378496166,0.00350289751426282,"Upregulated"
"ENSMUSG00000052157",16.4708620106647,-1.97249862346912,0.545654283069918,-3.6149237432383,0.000300436041426598,0.00350802055727959,"Downregulated"
"ENSMUSG00000130767",59.7688490948041,1.0231566681105,0.283094262478352,3.61419076159743,0.000301287178156996,0.00351584844488392,"Upregulated"
"ENSMUSG00000137773",38.443938980717,1.2253728312146,0.340225645966549,3.60164745292328,0.000316206988923235,0.00366768885396698,"Upregulated"
"ENSMUSG00000032062",40.5329168242502,1.1886593906945,0.330703832459116,3.59433207004472,0.000325224828358061,0.00375375491027904,"Upregulated"
"ENSMUSG00000108486",21.0223487839058,1.58646942905582,0.441564311919214,3.59283888265425,0.000327094849559761,0.00377173356275698,"Upregulated"
"ENSMUSG00000032921",20.9785726339735,1.75316321803573,0.488889758273014,3.58600929630582,0.000335776993388459,0.003850327833622,"Upregulated"
"ENSMUSG00000139076",46.9724028678795,-1.20460818560972,0.336597414623592,-3.57878026768804,0.000345201545198081,0.00393280531961931,"Downregulated"
"ENSMUSG00000118056",50.6825114071198,1.01105626629325,0.283339462502114,3.56835668905706,0.000359227251252831,0.00405545126948271,"Upregulated"
"ENSMUSG00000074715",68.1752409785594,1.02583278439284,0.28753100330982,3.5677292973081,0.000360088230036517,0.00406300193389656,"Upregulated"
"ENSMUSG00000024222",1478.79899656321,1.22315238206234,0.34295474380937,3.56651250388366,0.000361763556329125,0.00407972821257566,"Upregulated"
"ENSMUSG00000086600",38.6488364483201,-1.24370678697117,0.350315465546194,-3.55024801726079,0.000384868380169595,0.0042967486265502,"Downregulated"
"ENSMUSG00000053914",35.6719377306732,1.1880833095178,0.33558431005428,3.54034224462292,0.000399608457386548,0.00442393760808301,"Upregulated"
"ENSMUSG00000022651",18.3399778833622,2.02831654168477,0.573240077030082,3.5383369428623,0.000402655885615358,0.00445068410942851,"Upregulated"
"ENSMUSG00000113974",24.1413993697592,-1.57400608034343,0.445031723997096,-3.53684017446294,0.000404944638276262,0.00446897410039226,"Downregulated"
"ENSMUSG00000140901",25.9270710403365,-1.42390724939725,0.40439391166299,-3.52108973041092,0.000429777157498798,0.00468676534054259,"Downregulated"
"ENSMUSG00000105326",21.6752770076147,-1.6391408725816,0.466332733450792,-3.51495993097505,0.00043982034368935,0.00476923136785195,"Downregulated"
"ENSMUSG00000073538",34.9389074123336,-1.36943559539112,0.390339043035377,-3.50832339174179,0.000450940526965746,0.00487980421836781,"Downregulated"
"ENSMUSG00000133905",21.0803123258337,-1.7166483947604,0.48935927923369,-3.50795104457521,0.000451572140230192,0.00488413959343601,"Downregulated"
"ENSMUSG00000113159",21.6519861187564,1.84752237569186,0.528267044757174,3.49732657758559,0.000469946149970654,0.00504160900108041,"Upregulated"
"ENSMUSG00000041377",46.0135360506787,-1.0705063413085,0.306595633501713,-3.49159030440829,0.000480154123429336,0.00513487988098581,"Downregulated"
"ENSMUSG00000086031",13.2576699320175,2.11969720897751,0.607104455063918,3.49148682948529,0.000480340146823832,0.00513487988098581,"Upregulated"
"ENSMUSG00000025515",26.7828447468929,1.35833304376316,0.389103839547995,3.49092685731674,0.000481348010849431,0.00514305391076868,"Upregulated"
"ENSMUSG00000097403",30.8130637161518,1.30141615100643,0.372839259940812,3.4905555579448,0.000482017379911907,0.00514760479708953,"Upregulated"
"ENSMUSG00000102504",55.4254956399728,-1.02732094659983,0.294557570304188,-3.48767456745017,0.000487240735284583,0.00518766633816339,"Downregulated"
"ENSMUSG00000089687",42.5808419521218,1.05294728823292,0.3026586067437,3.47899337660199,0.000503301026163266,0.00533448631489837,"Upregulated"
"ENSMUSG00000131089",53.2107380005353,-1.15868230110034,0.33318868579134,-3.47755596306762,0.000506007408695621,0.00536048429702851,"Downregulated"
"ENSMUSG00000074342",25.214266678774,1.41885152006036,0.408209149122262,3.47579549138277,0.000509340532947296,0.00539039317776305,"Upregulated"
"ENSMUSG00000109233",29.7793326998994,-1.33761677166684,0.386152035017256,-3.4639640617382,0.00053227761731286,0.00558838640421074,"Downregulated"
"ENSMUSG00000003484",17.6919639146821,1.83950613060314,0.53113833322926,3.46332775384363,0.000533538068702746,0.00559883993187076,"Upregulated"
"ENSMUSG00000041605",28.9260282455004,-1.29264825130342,0.373421219406465,-3.46163577248777,0.000536903228665247,0.00562600961263154,"Downregulated"
"ENSMUSG00000109452",34.2915276611811,-1.24467551412936,0.360311878733929,-3.45443929992796,0.000551438333624401,0.00573826947071258,"Downregulated"
"ENSMUSG00000023122",9.18568171322383,2.5449923304464,0.738118484051872,3.44794553372484,0.000564867933528647,0.00586646977134737,"Upregulated"
"ENSMUSG00000009596",14.7268513837628,1.8663701630419,0.541739530407535,3.44514302221565,0.000570757307699068,0.00592181711054799,"Upregulated"
"ENSMUSG00000127267",17.5288967132061,1.62416971688725,0.471561797170721,3.44423514931013,0.000572677397523791,0.00593591351501988,"Upregulated"
"ENSMUSG00000105664",23.5908920999945,-1.51927017677239,0.441416146652362,-3.44180925028303,0.000577837558842285,0.00597767866033274,"Downregulated"
"ENSMUSG00000058626",85.4118691428332,-2.20455370020785,0.640733502909433,-3.44067180847801,0.00058027190458206,0.00599406420243657,"Downregulated"
"ENSMUSG00000110521",21.6964448709542,1.50982020828558,0.438976764468547,3.43940802906382,0.000582987833648238,0.0060066377344133,"Upregulated"
"ENSMUSG00000040856",292.826699803712,1.47943325394599,0.432637636994392,3.41956669378991,0.000627209553113553,0.00636388963559793,"Upregulated"
"ENSMUSG00000091511",24.3659391581683,-1.40096746295205,0.410031040034465,-3.41673513994038,0.000633769058978437,0.00642120112702398,"Downregulated"
"ENSMUSG00000125440",35.1164015587118,1.15177412981958,0.338783402488519,3.39973600052207,0.000674509433861306,0.00674349975366303,"Upregulated"
"ENSMUSG00000082806",12.2864797492014,2.11726718730007,0.62926075119756,3.36468973040294,0.000766297780383189,0.00751199191757187,"Upregulated"
"ENSMUSG00000114189",14.8667304752762,1.98625144602423,0.590563693720779,3.36331451991246,0.00077012568055042,0.00754252316592804,"Upregulated"
"ENSMUSG00000120016",22.3115352211599,1.46506058693547,0.435964262657529,3.36050615251082,0.000777997979034573,0.00760553271691449,"Upregulated"
"ENSMUSG00000116793",30.8853188736232,-1.21381544595092,0.362649824782545,-3.34707302472505,0.000816696932285567,0.00793614734980621,"Downregulated"
"ENSMUSG00000026822",82.5688316218759,1.03746611115285,0.310140972193095,3.34514367391264,0.000822399568403811,0.00796593626839147,"Upregulated"
"ENSMUSG00000100876",26.2529366837171,1.29746065052105,0.388106427847581,3.3430537538806,0.000828618471116674,0.0080114940885972,"Upregulated"
"ENSMUSG00000134129",12.5531152260543,2.00008185505984,0.598429352605492,3.34221883728082,0.000831115076793173,0.00802462479396878,"Upregulated"
"ENSMUSG00000111246",27.9430936628284,1.33756011121875,0.400914285542352,3.33627450917423,0.000849092778646985,0.00816836524317129,"Upregulated"
"ENSMUSG00000093507",11.3531848473599,-2.33063787641369,0.699452655496264,-3.33208810932328,0.000861969613549114,0.00826757378829564,"Downregulated"
"ENSMUSG00000118364",25.6382301104354,-1.38275878792554,0.415129344308604,-3.33091073151794,0.000865623568329016,0.00829343468614275,"Downregulated"
"ENSMUSG00000110772",12.4576662394559,-2.13869048979672,0.642342037298526,-3.32951973498626,0.000869958987973985,0.00832365737588684,"Downregulated"
"ENSMUSG00000110342",25.0461292345715,-1.39325626050312,0.418819729873621,-3.32662518292425,0.000879045259662543,0.00839919205402823,"Downregulated"
"ENSMUSG00000102224",337.836197082848,1.17376595356023,0.352955985844923,3.32553066284006,0.000882503926618547,0.00842843068127786,"Upregulated"
"ENSMUSG00000033409",11.6078942392946,2.1512718686394,0.647165452218038,3.32414510271882,0.000886900369310292,0.00845133317217941,"Upregulated"
"ENSMUSG00000135879",22.7227736573182,1.46675602193505,0.442126135003088,3.31750581069994,0.000908250264304556,0.00859750731564954,"Upregulated"
"ENSMUSG00000031710",20.3901107187361,-1.53474552874684,0.463373122585666,-3.3121159902042,0.000925931473428824,0.00874322267340039,"Downregulated"
"ENSMUSG00000136119",27.2062028605096,-1.31045578482597,0.396132527865488,-3.30812466193372,0.000939229907966259,0.00883059866782862,"Downregulated"
"ENSMUSG00000035852",18.1732390540288,-1.65611712293292,0.503662066357145,-3.28815138871025,0.00100847594596165,0.00939393122350621,"Downregulated"
"ENSMUSG00000026826",1279.41185564809,-1.91664517812429,0.583258307903349,-3.28610009005118,0.00101584906568535,0.00943352151687161,"Downregulated"
"ENSMUSG00000084390",21.6285129220053,-1.83490340910851,0.558684843887224,-3.28432644841695,0.00102226437331203,0.00948476532412588,"Downregulated"
"ENSMUSG00000022900",36.6755396104542,1.1715168569446,0.356925288639703,3.28224671725959,0.00102983456909751,0.00955081226472228,"Upregulated"
"ENSMUSG00000087376",17.3112958275726,1.56359338194561,0.476585320761958,3.28082572800556,0.00103503675053483,0.00958644419187864,"Upregulated"
"ENSMUSG00000125023",25.5525803439583,-1.2816212977004,0.390774057085982,-3.27969903441775,0.00103917880168827,0.00961506804396231,"Downregulated"
"ENSMUSG00000102997",16.812661469456,1.57424099625804,0.481012185625826,3.27276739197337,0.0010650008359711,0.00980384966330388,"Upregulated"
"ENSMUSG00000144090",23.6957704986339,1.3024741735194,0.398167467475552,3.2711717553855,0.00107102841403151,0.00982938186401752,"Upregulated"
"ENSMUSG00000059434",37.932363817534,-1.09281336710729,0.334119649254927,-3.27072463276021,0.0010727230883341,0.00983639622845819,"Downregulated"
"ENSMUSG00000113396",13.7818168897374,-1.87305031351622,0.575523039144905,-3.25451838782882,0.00113584806807084,0.0102532251261573,"Downregulated"
"ENSMUSG00000098086",19.3677164015495,1.43238040253213,0.441984814740151,3.24079098367722,0.00119198548429101,0.0106288838984125,"Upregulated"
"ENSMUSG00000075023",25.0377199770916,1.34063390539006,0.413843958010517,3.239467145624,0.00119753261927784,0.0106573346947096,"Upregulated"
"ENSMUSG00000117994",25.2697159145529,-1.30108697937305,0.402573693183058,-3.23192250612715,0.00122960397200888,0.0109106067931715,"Downregulated"
"ENSMUSG00000007877",40.3656706523772,1.11256832892229,0.345401759442585,3.22108471803319,0.00127706391860865,0.0112420968188925,"Upregulated"
"ENSMUSG00000141270",13.3095850993379,-1.831651002728,0.568852659742636,-3.21990408475315,0.00128233493574244,0.0112791065791489,"Downregulated"
"ENSMUSG00000062345",23.4131623726091,-3.05810010604965,0.951049129051081,-3.21550171556427,0.00130216716492522,0.0114250309968231,"Downregulated"
"ENSMUSG00000055413",8.96990708877155,2.3570001701131,0.734725284693387,3.20800198280466,0.00133660576997501,0.0116739070657255,"Upregulated"
"ENSMUSG00000074060",32.4874902470266,1.22877662409754,0.383667056113408,3.20271601253752,0.00136138157970645,0.0118609037918801,"Upregulated"
"ENSMUSG00000102060",18.091203226127,1.57784303291327,0.492742941529308,3.20216262868461,0.00136399968753318,0.0118744702565877,"Upregulated"
"ENSMUSG00000108910",30.3002971544348,-1.30208179182365,0.408380065026412,-3.18840683797686,0.00143059100172499,0.0123116999314102,"Downregulated"
"ENSMUSG00000142376",9.06809860482831,2.32260025177352,0.73157611883261,3.17478959739656,0.00149945182942211,0.012820828521282,"Upregulated"
"ENSMUSG00000111929",27.5232660795021,-1.19436944097038,0.376872162459829,-3.16916333956526,0.00152878453301355,0.0130189887034118,"Downregulated"
"ENSMUSG00000120785",33.1115885727907,1.11135892885552,0.350842443094181,3.16768666599778,0.00153657030697281,0.0130731372021525,"Upregulated"
"ENSMUSG00000029605",33.1990241422908,1.16667397093548,0.368443305806784,3.16649523155483,0.00154287875642048,0.0130988888206912,"Upregulated"
"ENSMUSG00000090034",21.2676487239146,1.39024437920871,0.439477074285703,3.16340592161336,0.00155934741643885,0.0131995200642912,"Upregulated"
"ENSMUSG00000111498",8.99911427909681,2.24542613079755,0.709923468508176,3.16291294823096,0.00156199031198705,0.0132113140587865,"Upregulated"
"ENSMUSG00000005800",16.5825568622904,1.73342620795733,0.548370547130565,3.16104906988123,0.00157202013272404,0.0132643119339385,"Upregulated"
"ENSMUSG00000060639",39.4010233495537,-1.02996514496045,0.326370738555587,-3.15581338424747,0.0016005122675165,0.0134563943923007,"Downregulated"
"ENSMUSG00000000983",9.05718831703893,-2.3985731702185,0.761519746659149,-3.14971894128975,0.00163427602247241,0.0136642018565358,"Downregulated"
"ENSMUSG00000073555",24.3598158748778,1.34001456860186,0.42612871472337,3.14462396525368,0.00166300437255204,0.0138605547724135,"Upregulated"
"ENSMUSG00000047953",22.1816986051756,1.32827847405846,0.422611029579564,3.14302841404754,0.00167209607859088,0.0139034493046812,"Upregulated"
"ENSMUSG00000066178",14.1877683527345,1.82029617813883,0.579149581029403,3.1430501510566,0.00167197191099221,0.0139034493046812,"Upregulated"
"ENSMUSG00000109209",9.05868433207922,2.25647631805175,0.718194934750501,3.14187166863777,0.00167871596804185,0.0139420460110938,"Upregulated"
"ENSMUSG00000015401",33.6792198722698,1.15684629439548,0.368356925578389,3.14055801334267,0.00168626306347536,0.0139937333112977,"Upregulated"
"ENSMUSG00000142378",13.1903443996714,5.0794526802572,1.61994194896683,3.13557697761749,0.00171516409004429,0.0141502710433034,"Upregulated"
"ENSMUSG00000023949",34.7597291111028,1.10468456825268,0.352760194608013,3.1315454099922,0.00173888892316401,0.014301363780748,"Upregulated"
"ENSMUSG00000093187",35.2968506937131,-1.1032244537943,0.353532360217031,-3.12057559063911,0.00180497965951587,0.0146849922664344,"Downregulated"
"ENSMUSG00000120053",23.6786410581357,1.32543215705877,0.425070614914871,3.11814581048895,0.00181992741664716,0.0147725010460669,"Upregulated"
"ENSMUSG00000020182",398.960930940139,1.09916640331835,0.35260931864354,3.11723583354732,0.00182555471903474,0.0148068103314114,"Upregulated"
"ENSMUSG00000113966",10.4987563032297,-2.14074912685696,0.687320626194255,-3.11462954154373,0.00184176063984416,0.0149153691036019,"Downregulated"
"ENSMUSG00000040714",37.7010836117646,1.01615682649959,0.327084867393539,3.10670693693995,0.00189183845936397,0.0152276072414356,"Upregulated"
"ENSMUSG00000144140",8.94520628270547,2.23925820736318,0.721252224849656,3.10468117839076,0.0019048422621577,0.0153089660331907,"Upregulated"
"ENSMUSG00000121786",11.6694873958898,-1.95544780201201,0.63106977313165,-3.0986237738946,0.00194421739501295,0.0155721503096776,"Downregulated"
"ENSMUSG00000090256",30.3783994940163,-1.20508011937949,0.3892532561657,-3.09587678533511,0.00196231884822805,0.0156992932447152,"Downregulated"
"ENSMUSG00000031519",23.2924292993356,1.32064116021025,0.427000166064917,3.09283523793635,0.00198254171670635,0.015849090585919,"Upregulated"
"ENSMUSG00000120035",15.7181738012254,1.7574641885926,0.568900927049371,3.08922714840309,0.00200677943592307,0.0159884518359432,"Upregulated"
"ENSMUSG00000040084",254.948599693292,1.00676062473678,0.325913498462486,3.0890424283935,0.00200802759909235,0.0159923704643343,"Upregulated"
"ENSMUSG00000019489",29.6253054119097,-1.23990494210813,0.401469297646178,-3.08841784260395,0.00201225323835661,0.0160199904838293,"Downregulated"
"ENSMUSG00000141850",8.47215780887773,-2.45382406962073,0.794608687964377,-3.08809116586293,0.00201446662080748,0.0160312859817719,"Downregulated"
"ENSMUSG00000104728",27.8359811918445,1.18762360186387,0.385840555966976,3.07801651095878,0.00208383369118701,0.0164597173702463,"Upregulated"
"ENSMUSG00000104735",8.41798074678103,-2.44052833134355,0.793446855949502,-3.07585607409461,0.0020989913744903,0.0165547081736656,"Downregulated"
"ENSMUSG00000108607",16.2626133216962,1.5829834227358,0.516054202013858,3.06747511513004,0.00215875434180187,0.0169376105964381,"Upregulated"
"ENSMUSG00000041165",19.2161576793359,-1.50229349554432,0.489815786939009,-3.06705813818815,0.00216176806830464,0.0169486784591404,"Downregulated"
"ENSMUSG00000122184",20.0213170985229,1.33441005801274,0.435065214437335,3.06714950708832,0.00216110736415502,0.0169486784591404,"Upregulated"
"ENSMUSG00000059108",9.6992808528314,2.15122659202968,0.701626493702669,3.06605667165885,0.00216902199237601,0.0169909083214101,"Upregulated"
"ENSMUSG00000131939",8.88510656440645,2.25986597361529,0.737077420130948,3.06598182483165,0.00216956502567072,0.0169909083214101,"Upregulated"
"ENSMUSG00000056031",31.5025052467015,1.05879761727191,0.346583825765783,3.05495392040434,0.00225095103217773,0.0174986616086023,"Upregulated"
"ENSMUSG00000110747",17.9906528773242,1.48301633909067,0.485952314367852,3.05177338443144,0.00227493780065798,0.0176529143781106,"Upregulated"
"ENSMUSG00000086851",23.3452309105252,1.23512590596546,0.405149754016545,3.0485663479263,0.00229936132260368,0.0177964843215427,"Upregulated"
"ENSMUSG00000102432",37.9022110033947,1.15814830748511,0.380284757412301,3.0454765407004,0.00232311900822434,0.0179147889966826,"Upregulated"
"ENSMUSG00000083907",40.62231831555,-1.06164107374587,0.3490344492504,-3.04165126401101,0.00235284313758445,0.0180846485438834,"Downregulated"
"ENSMUSG00000001166",29.0444393766906,1.13178365734143,0.37223052229715,3.04054501054035,0.0023615039147568,0.0181312159947354,"Upregulated"
"ENSMUSG00000073902",16.0375375171826,1.58465322012323,0.521348320420737,3.03952877194345,0.00236948568555984,0.01815317928303,"Upregulated"
"ENSMUSG00000084088",35.7833167010485,-1.03244256785916,0.339659824118679,-3.03963699721643,0.00236863448583967,0.01815317928303,"Downregulated"
"ENSMUSG00000085961",25.2619412850068,1.29658672995946,0.42656312336475,3.0396128004032,0.00236882477124973,0.01815317928303,"Upregulated"
"ENSMUSG00000137596",10.0334433637065,2.17595610841623,0.71594688202597,3.03927031885209,0.00237151957122603,0.0181621808524355,"Upregulated"
"ENSMUSG00000032269",8.72070911212137,2.40361899917869,0.792185570071305,3.03416155252908,0.00241205226820194,0.0183926596506059,"Upregulated"
"ENSMUSG00000120563",29.6298331220742,-1.13646208518581,0.375744074886784,-3.02456422108116,0.00248991602907587,0.0188651708653845,"Downregulated"
"ENSMUSG00000101968",31.4436435860527,-1.07042615172351,0.353974979328372,-3.02401642555222,0.00249442895119772,0.0188913682568323,"Downregulated"
"ENSMUSG00000032028",24.8259151433434,1.22024380352983,0.403707091628474,3.02259689966705,0.00250615832121081,0.0189666133507525,"Upregulated"
"ENSMUSG00000085351",20.2593424036725,1.32089102708405,0.437433675829765,3.01963726175966,0.00253077587155369,0.0191255381715521,"Upregulated"
"ENSMUSG00000140331",29.3756798508777,1.23688108490997,0.40973392582713,3.01874218107049,0.00253826437897155,0.0191684286761977,"Upregulated"
"ENSMUSG00000034115",18.9251084068444,-1.4719794690815,0.488604008254551,-3.01262258232363,0.00259000809385022,0.0194817750829195,"Downregulated"
"ENSMUSG00000086935",26.7002250514975,-1.19855294622889,0.398275344117419,-3.00935763142681,0.00261800745014624,0.0196443461793266,"Downregulated"
"ENSMUSG00000117886",13.8686521174185,-1.69798414773737,0.564575058852909,-3.00754367574666,0.00263368276671134,0.0197396559032298,"Downregulated"
"ENSMUSG00000111912",16.3922739505174,1.54702240171277,0.514737635179457,3.00545811299269,0.00265181117622522,0.0198416657187836,"Upregulated"
"ENSMUSG00000120487",23.8693849355229,-1.25733983106236,0.418501956252954,-3.00438220724204,0.00266120783893027,0.0198720493668224,"Downregulated"
"ENSMUSG00000094942",37.703939001129,1.00505607546831,0.334721765334984,3.00266125348158,0.00267630145945628,0.0199472662531558,"Upregulated"
"ENSMUSG00000044361",28.67221782368,1.22301474465911,0.407423801638352,3.00182448777186,0.00268366854271071,0.0199834106784282,"Upregulated"
"ENSMUSG00000104724",11.7454605156262,-1.90563127419612,0.637056616408506,-2.9913059924554,0.00277786986868826,0.0205657341846725,"Downregulated"
"ENSMUSG00000129335",13.9342410108664,1.59450399332385,0.53341043898451,2.98926282050163,0.00279651468891155,0.0206400097400196,"Upregulated"
"ENSMUSG00000101905",19.8342417087592,1.40869894929509,0.472539100918642,2.98112673968462,0.00287189909225736,0.021128446802975,"Upregulated"
"ENSMUSG00000087445",47.2076799310649,1.03478509903277,0.347248423518505,2.97995621851291,0.0028828958416308,0.0211883324891496,"Upregulated"
"ENSMUSG00000021239",10.9788600171495,2.55294303439839,0.857120686399785,2.97851058188978,0.00289653027665711,0.0212516074600676,"Upregulated"
"ENSMUSG00000025496",22.5376530443494,1.36567141595595,0.458843307472229,2.97633504448271,0.00291715969002631,0.0213658959631473,"Upregulated"
"ENSMUSG00000138589",18.9510363303381,1.31692176560631,0.444292041451149,2.96409037916811,0.0030357911096769,0.0220136498676674,"Upregulated"
"ENSMUSG00000032093",15.5661551142696,1.54331165860275,0.522025012210724,2.95639408553812,0.00311259113076901,0.0224397338766146,"Upregulated"
"ENSMUSG00000000706",21.7686256245208,1.32275502885421,0.448651175161786,2.94829279869202,0.00319534262292981,0.0228802979213853,"Upregulated"
"ENSMUSG00000022584",8.83684261273577,2.55289054311357,0.866088100266246,2.94761069033137,0.00320240080544506,0.0229012882575498,"Upregulated"
"ENSMUSG00000139778",8.30461085698119,-2.23947365904004,0.763214183057545,-2.93426630263656,0.00334337219492499,0.023715399215595,"Downregulated"
"ENSMUSG00000114709",31.0421984307578,1.02503287759883,0.349439269156585,2.93336487359556,0.00335309576924985,0.0237763950505661,"Upregulated"
"ENSMUSG00000024600",10.795273213221,-1.91375333214044,0.653547076271515,-2.92825628271249,0.00340868950153803,0.0240898193549538,"Downregulated"
"ENSMUSG00000112112",30.699177808438,-1.07696980459466,0.368174449691204,-2.9251617147739,0.00344277262879705,0.0242250195999962,"Downregulated"
"ENSMUSG00000080152",9.3823334572236,-2.19268057567036,0.749742982832103,-2.92457632265881,0.00344925483730746,0.024238781500454,"Downregulated"
"ENSMUSG00000089840",26.6765822511239,1.08502797215894,0.37202225659354,2.91656736372204,0.00353906291174629,0.0247629004860606,"Upregulated"
"ENSMUSG00000047746",49.7089685445632,1.00526268822146,0.344736279106734,2.91603393418951,0.0035451194050848,0.0247970723852193,"Upregulated"
"ENSMUSG00000078597",8.16913328960882,2.26896548877271,0.778473050330571,2.91463588599402,0.00356103744156085,0.0248837199939868,"Upregulated"
"ENSMUSG00000104467",24.9048621665758,1.22379818117571,0.419972251022929,2.91399771817042,0.00356832514784762,0.024926407416993,"Upregulated"
"ENSMUSG00000084371",26.527662059785,-1.10248844705439,0.378643628864725,-2.91167832497261,0.00359492640651136,0.0250956483544677,"Downregulated"
"ENSMUSG00000109816",11.0955796058055,1.73285306594508,0.595720929541398,2.90883361657122,0.00362779876392606,0.025258414508797,"Upregulated"
"ENSMUSG00000006457",24.4571356034583,1.23952153010357,0.42617727709393,2.90846461490337,0.00363208277618608,0.025271599309791,"Upregulated"
"ENSMUSG00000046636",25.5308234365451,-1.16521613296009,0.401796507939924,-2.90001557986242,0.00373144112568589,0.0258269468421041,"Downregulated"
"ENSMUSG00000072845",38.5289305094849,1.1080556380861,0.38218597361604,2.89925772943016,0.00374047289700349,0.0258556062135138,"Upregulated"
"ENSMUSG00000113429",27.1921846602874,1.13670172029686,0.392695677116086,2.89461225711643,0.00379627142253929,0.0261302601658832,"Upregulated"
"ENSMUSG00000028747",21.0954162152778,1.28346732727056,0.44434502452002,2.88844761715731,0.00387148506479004,0.0265013116526336,"Upregulated"
"ENSMUSG00000026601",21.6283666687149,1.25150859934341,0.434254821937644,2.88196822722469,0.00395199581522394,0.0269130278624509,"Upregulated"
"ENSMUSG00000104150",16.1729447070935,-1.46227291416931,0.507425479015123,-2.88174909349739,0.00395474508726215,0.0269230794816993,"Downregulated"
"ENSMUSG00000044199",17.2747220343611,1.40555412140876,0.487930613658178,2.88064343999827,0.00396864322557102,0.0269916246396588,"Upregulated"
"ENSMUSG00000032496",47.9726784755498,1.10549193958866,0.384094898049922,2.87817397523718,0.00399984484372642,0.0271776090040473,"Upregulated"
"ENSMUSG00000059408",28.5624559925837,-1.08273908035427,0.376212067735916,-2.878001991989,0.0040020261207881,0.0271836949322404,"Downregulated"
"ENSMUSG00000110832",8.39170712313514,2.31396004796885,0.804426871595182,2.87653250988528,0.00402070776021849,0.027214425604936,"Upregulated"
"ENSMUSG00000073144",22.3977640079674,1.23690319716792,0.430188885599016,2.8752560528048,0.00403699967233555,0.0273159545828913,"Upregulated"
"ENSMUSG00000090777",35.6195431338329,-1.00121251290586,0.348598258727284,-2.87210990829742,0.00407741130661234,0.0275283478711768,"Downregulated"
"ENSMUSG00000115316",32.7541082111227,-1.02980223370019,0.358553396051147,-2.87210285843532,0.00407750227157842,0.0275283478711768,"Downregulated"
"ENSMUSG00000022945",14.7977018152458,1.55461106390144,0.541739307065815,2.86966635727722,0.00410905119799735,0.0276883006952371,"Upregulated"
"ENSMUSG00000117238",9.02898439107769,1.9535998692691,0.681478998846907,2.86670590373978,0.00414768251250985,0.0278952756765333,"Upregulated"
"ENSMUSG00000085739",15.8482156367643,1.47836444693082,0.516192740877422,2.86397759956465,0.00418357595867011,0.0280741712618469,"Upregulated"
"ENSMUSG00000046610",11.5972845897711,1.66452353526254,0.581286922367394,2.86351450757481,0.00418969627448265,0.0281063222474415,"Upregulated"
"ENSMUSG00000074259",30.7166514991322,1.03725952976287,0.362564829828841,2.86089395447579,0.00422448331283418,0.0282768913105029,"Upregulated"
"ENSMUSG00000132634",9.54309623232539,1.97349655226425,0.69029075431396,2.85893522393414,0.00425065572606124,0.0283622957802351,"Upregulated"
"ENSMUSG00000134039",24.7258757806427,-1.15768485366637,0.405111632920878,-2.8576934345711,0.00426732450356168,0.0284465878397893,"Downregulated"
"ENSMUSG00000130105",25.317656472927,-1.16707711310278,0.408527092250629,-2.85679245083405,0.00427945566515527,0.0284915270905882,"Downregulated"
"ENSMUSG00000022209",13.5945010345728,-1.65348383758117,0.580706676155522,-2.84736495286708,0.00440827934158731,0.0291597966892629,"Downregulated"
"ENSMUSG00000021966",31.2045415221138,-1.01258202969191,0.355668392957259,-2.84698345352717,0.00441356563509047,0.0291731307764889,"Downregulated"
"ENSMUSG00000129121",8.32157684555677,2.02903690538486,0.713179567018613,2.84505754121235,0.00444034009576133,0.0292951610998045,"Upregulated"
"ENSMUSG00000087249",31.5046053820082,-1.05109962998682,0.369557632473646,-2.84421031423773,0.00445216498303671,0.0293365623453759,"Downregulated"
"ENSMUSG00000097635",23.3111684275304,1.21608851315434,0.428688105208799,2.83676756685849,0.0045572775226663,0.029889464397264,"Upregulated"
"ENSMUSG00000116226",36.0418810948669,-1.05605245505543,0.373632983975875,-2.82644332900656,0.00470680717380279,0.030660948148509,"Downregulated"
"ENSMUSG00000046961",31.3811647592709,1.02541076835717,0.363187890142817,2.82336167088046,0.00475229284810846,0.0309001329253547,"Upregulated"
"ENSMUSG00000056071",128.065808863536,1.35709924299344,0.481017503664689,2.82130947970546,0.00478280375391225,0.0310794054629608,"Upregulated"
"ENSMUSG00000113275",20.6594824637494,-1.25474395856999,0.444789339426336,-2.82098478391656,0.00478764737121464,0.0310894546289578,"Downregulated"
"ENSMUSG00000134658",10.8714963700113,-1.92347533584956,0.682115304553794,-2.81986831699636,0.00480433604859048,0.031161866793695,"Downregulated"
"ENSMUSG00000108101",11.5631432250984,1.6155002573052,0.575043692050576,2.80935219295148,0.00496413078284313,0.031953286271908,"Upregulated"
"ENSMUSG00000101320",22.5466508842564,1.29181659544861,0.460020486654978,2.8081718813047,0.00498236264527824,0.0320121720250405,"Upregulated"
"ENSMUSG00000142665",48.0417398550408,-1.15266072665081,0.41048583294301,-2.80804021514388,0.00498440019607685,0.0320155352813017,"Downregulated"
"ENSMUSG00000110278",11.2983571880837,1.70083992862784,0.606101150150591,2.80619815389767,0.00501298545115324,0.0321698262108149,"Upregulated"
"ENSMUSG00000000154",26.6152415335529,1.05705246476557,0.376737520087438,2.8058061870775,0.00501908711682446,0.03219921028072,"Upregulated"
"ENSMUSG00000086245",29.0781519860714,1.03903816980432,0.370478571479016,2.80458371898893,0.00503816017610368,0.0322656116785765,"Upregulated"
"ENSMUSG00000098132",21.076030456335,-1.23681539088933,0.441291281015578,-2.80271884829211,0.00506738230845932,0.0323911121258683,"Downregulated"
"ENSMUSG00000055172",29.0661256885985,1.12364045295038,0.401141405893737,2.8011081290572,0.00509274516789276,0.0324942958886821,"Upregulated"
"ENSMUSG00000031722",17.3631334278528,1.36507743046651,0.488070661551286,2.79688483247024,0.00515979220105724,0.0328230463572068,"Upregulated"
"ENSMUSG00000026605",20.1203765804188,-1.2450356341038,0.445415061364706,-2.79522571663638,0.00518634903170328,0.0329523288087036,"Downregulated"
"ENSMUSG00000114016",18.8532358698114,-1.410388912331,0.504757980878236,-2.79418843438006,0.00520301509460795,0.0330383646172628,"Downregulated"
"ENSMUSG00000142582",15.1801175578948,-1.40791286375618,0.504540334865642,-2.79048624354503,0.00526289366369004,0.0333384920667243,"Downregulated"
"ENSMUSG00000108197",11.0423732733949,1.6727190787131,0.600071428073861,2.78753328429963,0.00531109980659826,0.0335634206247819,"Upregulated"
"ENSMUSG00000031257",9.13422643975615,1.95977749960242,0.704646419059251,2.78122111543383,0.0054154837930907,0.0340850071100528,"Upregulated"
"ENSMUSG00000108736",29.4992114126853,1.01116227103868,0.363582450179838,2.78110857809152,0.00541736150655964,0.0340850071100528,"Upregulated"
"ENSMUSG00000036655",17.4919668072741,1.39309698203867,0.501297403633511,2.77898303869361,0.005452937228921,0.0342346667771777,"Upregulated"
"ENSMUSG00000119750",15.7365844543597,1.37026155878873,0.493856200051255,2.77461649493621,0.00552668365831419,0.0346565023591499,"Upregulated"
"ENSMUSG00000100671",8.52512767563973,-2.11191110048159,0.76402133731714,-2.76420434525764,0.00570617920161448,0.0354873997700406,"Downregulated"
"ENSMUSG00000050122",24.4933165430998,1.11558191518017,0.404847321795786,2.75556204801299,0.00585913902906462,0.0362573879922655,"Upregulated"
"ENSMUSG00000120160",24.0899139413952,1.11875292384277,0.406046806349512,2.75523143230879,0.00586506331265038,0.0362728177086845,"Upregulated"
"ENSMUSG00000103313",32.1947041340626,-1.0115282450181,0.36720498534216,-2.75466915046254,0.00587515120986887,0.036318558466171,"Downregulated"
"ENSMUSG00000006649",36.1950179668543,1.08226461516885,0.395536044829888,2.73619719192547,0.00621537685011059,0.0380074878761832,"Upregulated"
"ENSMUSG00000039084",26.0201010785413,-1.13030651815666,0.413199147566058,-2.73550060501022,0.00622854718251375,0.0380753484169567,"Downregulated"
"ENSMUSG00000051965",10.5700564626424,1.7475253761391,0.639300371020663,2.73349657743686,0.00626657746233637,0.0382635808377426,"Upregulated"
"ENSMUSG00000109570",27.8368707051025,-1.00633821208486,0.369560169570961,-2.7230700030611,0.00646783513347736,0.0392093961861751,"Downregulated"
"ENSMUSG00000112712",13.1249987167199,-1.54242872708915,0.568121409252165,-2.71496321379526,0.00662831326252075,0.0399076548792714,"Downregulated"
"ENSMUSG00000087383",21.7830647748321,1.19603451997135,0.441110660703362,2.71141603801696,0.00669965061156702,0.0402454864152229,"Upregulated"
"ENSMUSG00000102030",11.4709841191095,1.62869947600258,0.601192271448773,2.70911579098928,0.00674627907612844,0.0404566282089438,"Upregulated"
"ENSMUSG00000138915",16.2823280560573,1.35534808722331,0.500262625335311,2.70927312691981,0.00674308043986888,0.0404566282089438,"Upregulated"
"ENSMUSG00000120574",23.3342885180722,1.0917748701065,0.403277709245499,2.70725320313171,0.00678424921565588,0.0406109423861092,"Upregulated"
"ENSMUSG00000003051",17.8841062891293,1.24182048553984,0.459214761423345,2.70422597411894,0.00684637124482598,0.0409291829154214,"Upregulated"
"ENSMUSG00000141418",34.9420303916502,-1.01472142321809,0.375904077213899,-2.69941584762511,0.00694613203921717,0.0414201810403968,"Downregulated"
"ENSMUSG00000074577",17.9319433461233,1.26193874325797,0.467537272393632,2.69911901739356,0.00695233078326601,0.0414337752007215,"Upregulated"
"ENSMUSG00000143839",16.3716585202048,-1.33903639909526,0.496136820208145,-2.69892566839424,0.00695637118730232,0.0414403837255125,"Downregulated"
"ENSMUSG00000097149",8.15839878428369,-1.96844872982531,0.729759552883855,-2.69739357579688,0.00698846189084854,0.0415803232258449,"Downregulated"
"ENSMUSG00000060441",26.1837581226184,1.05332426903563,0.390935104550638,2.69437115463543,0.0070521586489307,0.041840037775432,"Upregulated"
"ENSMUSG00000117393",14.9531202309873,-1.40392324217875,0.522092249714901,-2.68903291122477,0.00716593538518893,0.042348715405204,"Downregulated"
"ENSMUSG00000087541",24.8772939171216,-1.10022136756071,0.410060336932541,-2.68307190056694,0.0072949304832883,0.0430148647710907,"Downregulated"
"ENSMUSG00000024669",14.3293091303509,1.49304793991923,0.557270764007347,2.67921455125816,0.00737950927143812,0.043384171363936,"Upregulated"
"ENSMUSG00000109015",18.1256592425491,1.29688917184704,0.48407764672508,2.67909328311452,0.00738218248131671,0.043384171363936,"Upregulated"
"ENSMUSG00000024107",24.387800329153,-1.07004091960963,0.399649216116457,-2.67745031507285,0.00741848543451893,0.043492457719644,"Downregulated"
"ENSMUSG00000107704",20.0679369114699,1.17301969185081,0.440223554746605,2.66460001788411,0.00770799413537164,0.044646712138129,"Upregulated"
"ENSMUSG00000099899",30.7701825155063,-1.01762902390385,0.382283969506659,-2.66197147951849,0.00776844604265615,0.0448808173693891,"Downregulated"
"ENSMUSG00000120059",30.1187400897541,1.04380186383795,0.392202192948552,2.66138711767702,0.00778194295268042,0.0449465129020561,"Upregulated"
"ENSMUSG00000131348",15.4646891984822,1.5829427420932,0.59503536381089,2.66024985801732,0.00780827030215136,0.0450622628535345,"Upregulated"
"ENSMUSG00000073779",17.0546401914254,1.41144423482763,0.531350162370876,2.65633537878258,0.00789950089417771,0.0454516860972483,"Upregulated"
"ENSMUSG00000127794",9.23795282723843,-1.96300265324069,0.739734289991252,-2.65365913112382,0.0079624216572472,0.0457763474558162,"Downregulated"
"ENSMUSG00000033427",24.4521781048786,1.03709594836297,0.392216173203567,2.64419475589728,0.00818855259003168,0.0467964714908702,"Upregulated"
"ENSMUSG00000066180",19.5157502707009,-1.51708435673882,0.574439791966412,-2.64098061790873,0.00826664484316573,0.0471679665664351,"Downregulated"
"ENSMUSG00000037418",29.2118055009399,1.0056193190797,0.381703943606095,2.63455312926362,0.00842481177971204,0.0478363708598311,"Upregulated"
"ENSMUSG00000110716",11.9576602153505,1.48244643396592,0.56294375869133,2.63338283989888,0.00845389966085325,0.0479500290581389,"Upregulated"
"ENSMUSG00000028871",20.276060491468,1.25241873535741,0.476168052342567,2.63020320073131,0.00853338454705972,0.0481940214336479,"Upregulated"
"ENSMUSG00000033963",32.7445887671884,-1.0263477002836,0.390445146600982,-2.62866041291194,0.00857219151247989,0.0483615233541588,"Downregulated"
"ENSMUSG00000109293",25.2608176304302,1.05159718281672,0.400410405391322,2.62629833954738,0.00863191235856939,0.0485947249259717,"Upregulated"
"ENSMUSG00000120766",26.2425920876685,1.0177359332368,0.387602137937535,2.62572321879406,0.0086465094522654,0.0486248440414947,"Upregulated"
"ENSMUSG00000143157",24.7277804780015,1.04296374482286,0.397247960509142,2.62547287464011,0.00865287030660375,0.0486248440414947,"Upregulated"
"ENSMUSG00000110633",16.5687595806329,-1.38184310439867,0.526403518576942,-2.62506433873065,0.00866325954889581,0.0486675406911269,"Downregulated"
"ENSMUSG00000091542",9.2179871482185,-1.88006874944754,0.717301788095746,-2.62102894576444,0.00876648183278883,0.0491039094978331,"Downregulated"
"ENSMUSG00000140667",17.079144545031,1.22003544534754,0.465696990167471,2.61980530496621,0.00879799804265544,0.0492152562465474,"Upregulated"
"ENSMUSG00000120130",14.4201392157232,-1.47369604235426,0.562763178071687,-2.61867886844319,0.00882710009829569,0.0493649911606618,"Downregulated"
"ENSMUSG00000118030",16.7579379660172,-1.35929019486461,0.519353333178438,-2.61727442191575,0.00886350512438957,0.0494998834665236,"Downregulated"
"ENSMUSG00000041730",10.2689018277286,2.08150669204897,0.795756834941621,2.61575722714549,0.00890298338045167,0.0496449323785998,"Upregulated"
"ENSMUSG00000071665",25.1913004553408,1.04957887663944,0.401359473441543,2.61505943198402,0.008921193072736,0.0497168944418325,"Upregulated"
"ENSMUSG00000120857",24.4536549059588,-1.15946587342745,0.443740504736052,-2.61293675256697,0.00897679129209597,0.0499117149280487,"Downregulated"
"ENSMUSG00000107015",16.3164873395036,1.26912304218123,0.485743953463236,2.61274079303035,0.00898193952547415,0.0499272111635518,"Upregulated"
